-19,11,n6YI9lN3r3oQmLA4w2QLc3ZiBvc=,142sdYxSUTNwcsi2q7o5IElMGMY=
-19,12,n6YI9lN3r3oQmLA4w2QLc3ZiBvc=,142sdYxSUTNwcsi2q7o5IElMGMY=
-18,11,n6YI9lN3r3oQmLA4w2QLc3ZiBvc=,+VZKO0Um/aHbn2xVhZpMC8bQzuE=
-18,12,n6YI9lN3r3oQmLA4w2QLc3ZiBvc=,+VZKO0Um/aHbn2xVhZpMC8bQzuE=
-21,10,n6YI9lN3r3oQmLA4w2QLc3ZiBvc=,142sdYxSUTNwcsi2q7o5IElMGMY=
-21,9,n6YI9lN3r3oQmLA4w2QLc3ZiBvc=,142sdYxSUTNwcsi2q7o5IElMGMY=
-20,9,n6YI9lN3r3oQmLA4w2QLc3ZiBvc=,142sdYxSUTNwcsi2q7o5IElMGMY=
-22,11,n6YI9lN3r3oQmLA4w2QLc3ZiBvc=,142sdYxSUTNwcsi2q7o5IElMGMY=
-20,10,n6YI9lN3r3oQmLA4w2QLc3ZiBvc=,142sdYxSUTNwcsi2q7o5IElMGMY=
-22,12,n6YI9lN3r3oQmLA4w2QLc3ZiBvc=,142sdYxSUTNwcsi2q7o5IElMGMY=
-21,13,n6YI9lN3r3oQmLA4w2QLc3ZiBvc=,142sdYxSUTNwcsi2q7o5IElMGMY=
-21,12,n6YI9lN3r3oQmLA4w2QLc3ZiBvc=,142sdYxSUTNwcsi2q7o5IElMGMY=
-20,12,n6YI9lN3r3oQmLA4w2QLc3ZiBvc=,142sdYxSUTNwcsi2q7o5IElMGMY=
-21,11,n6YI9lN3r3oQmLA4w2QLc3ZiBvc=,142sdYxSUTNwcsi2q7o5IElMGMY=
-20,13,n6YI9lN3r3oQmLA4w2QLc3ZiBvc=,142sdYxSUTNwcsi2q7o5IElMGMY=
-20,11,n6YI9lN3r3oQmLA4w2QLc3ZiBvc=,142sdYxSUTNwcsi2q7o5IElMGMY=
-18,9,n6YI9lN3r3oQmLA4w2QLc3ZiBvc=,+VZKO0Um/aHbn2xVhZpMC8bQzuE=
-19,10,n6YI9lN3r3oQmLA4w2QLc3ZiBvc=,142sdYxSUTNwcsi2q7o5IElMGMY=
-19,9,n6YI9lN3r3oQmLA4w2QLc3ZiBvc=,142sdYxSUTNwcsi2q7o5IElMGMY=
-18,10,n6YI9lN3r3oQmLA4w2QLc3ZiBvc=,+VZKO0Um/aHbn2xVhZpMC8bQzuE=
-17,9,n6YI9lN3r3oQmLA4w2QLc3ZiBvc=,+VZKO0Um/aHbn2xVhZpMC8bQzuE=
-17,10,n6YI9lN3r3oQmLA4w2QLc3ZiBvc=,+VZKO0Um/aHbn2xVhZpMC8bQzuE=
-17,12,n6YI9lN3r3oQmLA4w2QLc3ZiBvc=,+VZKO0Um/aHbn2xVhZpMC8bQzuE=
-17,11,n6YI9lN3r3oQmLA4w2QLc3ZiBvc=,+VZKO0Um/aHbn2xVhZpMC8bQzuE=
-21,1,n6YI9lN3r3oQmLA4w2QLc3ZiBvc=,+TDfnjjZugGra9lUca0vnjxFOo8=
-20,1,n6YI9lN3r3oQmLA4w2QLc3ZiBvc=,+TDfnjjZugGra9lUca0vnjxFOo8=
-17,3,n6YI9lN3r3oQmLA4w2QLc3ZiBvc=,vym3dlr6VZUMU8wC0wnVQAYcnc8=
-17,8,n6YI9lN3r3oQmLA4w2QLc3ZiBvc=,+VZKO0Um/aHbn2xVhZpMC8bQzuE=
-22,1,n6YI9lN3r3oQmLA4w2QLc3ZiBvc=,+TDfnjjZugGra9lUca0vnjxFOo8=
-18,8,n6YI9lN3r3oQmLA4w2QLc3ZiBvc=,+VZKO0Um/aHbn2xVhZpMC8bQzuE=
-19,8,n6YI9lN3r3oQmLA4w2QLc3ZiBvc=,142sdYxSUTNwcsi2q7o5IElMGMY=
-22,0,n6YI9lN3r3oQmLA4w2QLc3ZiBvc=,+TDfnjjZugGra9lUca0vnjxFOo8=
-21,0,n6YI9lN3r3oQmLA4w2QLc3ZiBvc=,+TDfnjjZugGra9lUca0vnjxFOo8=
-22,13,n6YI9lN3r3oQmLA4w2QLc3ZiBvc=,142sdYxSUTNwcsi2q7o5IElMGMY=
-21,8,n6YI9lN3r3oQmLA4w2QLc3ZiBvc=,142sdYxSUTNwcsi2q7o5IElMGMY=
-20,8,n6YI9lN3r3oQmLA4w2QLc3ZiBvc=,142sdYxSUTNwcsi2q7o5IElMGMY=
-22,10,n6YI9lN3r3oQmLA4w2QLc3ZiBvc=,142sdYxSUTNwcsi2q7o5IElMGMY=
-22,9,n6YI9lN3r3oQmLA4w2QLc3ZiBvc=,142sdYxSUTNwcsi2q7o5IElMGMY=
-22,8,n6YI9lN3r3oQmLA4w2QLc3ZiBvc=,142sdYxSUTNwcsi2q7o5IElMGMY=
-18,3,n6YI9lN3r3oQmLA4w2QLc3ZiBvc=,vym3dlr6VZUMU8wC0wnVQAYcnc8=
-20,0,n6YI9lN3r3oQmLA4w2QLc3ZiBvc=,+TDfnjjZugGra9lUca0vnjxFOo8=
-18,15,n6YI9lN3r3oQmLA4w2QLc3ZiBvc=,+VZKO0Um/aHbn2xVhZpMC8bQzuE=
-17,15,n6YI9lN3r3oQmLA4w2QLc3ZiBvc=,+VZKO0Um/aHbn2xVhZpMC8bQzuE=
-19,13,n6YI9lN3r3oQmLA4w2QLc3ZiBvc=,142sdYxSUTNwcsi2q7o5IElMGMY=
-18,14,n6YI9lN3r3oQmLA4w2QLc3ZiBvc=,+VZKO0Um/aHbn2xVhZpMC8bQzuE=
-18,13,n6YI9lN3r3oQmLA4w2QLc3ZiBvc=,+VZKO0Um/aHbn2xVhZpMC8bQzuE=
-17,13,n6YI9lN3r3oQmLA4w2QLc3ZiBvc=,+VZKO0Um/aHbn2xVhZpMC8bQzuE=
-17,14,n6YI9lN3r3oQmLA4w2QLc3ZiBvc=,+VZKO0Um/aHbn2xVhZpMC8bQzuE=
-18,2,n6YI9lN3r3oQmLA4w2QLc3ZiBvc=,vym3dlr6VZUMU8wC0wnVQAYcnc8=
-19,1,n6YI9lN3r3oQmLA4w2QLc3ZiBvc=,+TDfnjjZugGra9lUca0vnjxFOo8=
-17,2,n6YI9lN3r3oQmLA4w2QLc3ZiBvc=,vym3dlr6VZUMU8wC0wnVQAYcnc8=
-19,0,n6YI9lN3r3oQmLA4w2QLc3ZiBvc=,+TDfnjjZugGra9lUca0vnjxFOo8=
-18,1,n6YI9lN3r3oQmLA4w2QLc3ZiBvc=,vym3dlr6VZUMU8wC0wnVQAYcnc8=
-17,1,n6YI9lN3r3oQmLA4w2QLc3ZiBvc=,vym3dlr6VZUMU8wC0wnVQAYcnc8=
-18,0,n6YI9lN3r3oQmLA4w2QLc3ZiBvc=,vym3dlr6VZUMU8wC0wnVQAYcnc8=
-17,0,n6YI9lN3r3oQmLA4w2QLc3ZiBvc=,vym3dlr6VZUMU8wC0wnVQAYcnc8=
-21,26,CAGaoibFVJrTEtH82CLvccFfRhM=,cL8aCYKT9kOQMMD0wyELOs/AwsQ=
-21,25,CAGaoibFVJrTEtH82CLvccFfRhM=,cL8aCYKT9kOQMMD0wyELOs/AwsQ=
-20,26,CAGaoibFVJrTEtH82CLvccFfRhM=,cL8aCYKT9kOQMMD0wyELOs/AwsQ=
-20,25,CAGaoibFVJrTEtH82CLvccFfRhM=,cL8aCYKT9kOQMMD0wyELOs/AwsQ=
-18,28,CAGaoibFVJrTEtH82CLvccFfRhM=,FX/O6mfycIPkA7p6zkmYVg03JYU=
-19,28,CAGaoibFVJrTEtH82CLvccFfRhM=,cL8aCYKT9kOQMMD0wyELOs/AwsQ=
-19,27,CAGaoibFVJrTEtH82CLvccFfRhM=,cL8aCYKT9kOQMMD0wyELOs/AwsQ=
-18,27,CAGaoibFVJrTEtH82CLvccFfRhM=,FX/O6mfycIPkA7p6zkmYVg03JYU=
-17,26,CAGaoibFVJrTEtH82CLvccFfRhM=,FX/O6mfycIPkA7p6zkmYVg03JYU=
-18,26,CAGaoibFVJrTEtH82CLvccFfRhM=,FX/O6mfycIPkA7p6zkmYVg03JYU=
-19,26,CAGaoibFVJrTEtH82CLvccFfRhM=,cL8aCYKT9kOQMMD0wyELOs/AwsQ=
-17,25,CAGaoibFVJrTEtH82CLvccFfRhM=,FX/O6mfycIPkA7p6zkmYVg03JYU=
-19,25,CAGaoibFVJrTEtH82CLvccFfRhM=,cL8aCYKT9kOQMMD0wyELOs/AwsQ=
-17,17,CAGaoibFVJrTEtH82CLvccFfRhM=,+VZKO0Um/aHbn2xVhZpMC8bQzuE=
-17,16,CAGaoibFVJrTEtH82CLvccFfRhM=,+VZKO0Um/aHbn2xVhZpMC8bQzuE=
-21,27,CAGaoibFVJrTEtH82CLvccFfRhM=,cL8aCYKT9kOQMMD0wyELOs/AwsQ=
-20,28,CAGaoibFVJrTEtH82CLvccFfRhM=,cL8aCYKT9kOQMMD0wyELOs/AwsQ=
-20,27,CAGaoibFVJrTEtH82CLvccFfRhM=,cL8aCYKT9kOQMMD0wyELOs/AwsQ=
-18,17,CAGaoibFVJrTEtH82CLvccFfRhM=,+VZKO0Um/aHbn2xVhZpMC8bQzuE=
-18,20,CAGaoibFVJrTEtH82CLvccFfRhM=,rC+pIuMSVtq/l97E/jFqCsWvuC8=
-20,29,CAGaoibFVJrTEtH82CLvccFfRhM=,cL8aCYKT9kOQMMD0wyELOs/AwsQ=
-18,29,CAGaoibFVJrTEtH82CLvccFfRhM=,FX/O6mfycIPkA7p6zkmYVg03JYU=
-19,29,CAGaoibFVJrTEtH82CLvccFfRhM=,cL8aCYKT9kOQMMD0wyELOs/AwsQ=
-18,16,CAGaoibFVJrTEtH82CLvccFfRhM=,+VZKO0Um/aHbn2xVhZpMC8bQzuE=
-17,28,CAGaoibFVJrTEtH82CLvccFfRhM=,FX/O6mfycIPkA7p6zkmYVg03JYU=
-22,24,CAGaoibFVJrTEtH82CLvccFfRhM=,cL8aCYKT9kOQMMD0wyELOs/AwsQ=
-22,22,CAGaoibFVJrTEtH82CLvccFfRhM=,cL8aCYKT9kOQMMD0wyELOs/AwsQ=
-17,29,CAGaoibFVJrTEtH82CLvccFfRhM=,FX/O6mfycIPkA7p6zkmYVg03JYU=
-22,26,CAGaoibFVJrTEtH82CLvccFfRhM=,cL8aCYKT9kOQMMD0wyELOs/AwsQ=
-22,25,CAGaoibFVJrTEtH82CLvccFfRhM=,cL8aCYKT9kOQMMD0wyELOs/AwsQ=
-22,27,CAGaoibFVJrTEtH82CLvccFfRhM=,cL8aCYKT9kOQMMD0wyELOs/AwsQ=
-18,25,CAGaoibFVJrTEtH82CLvccFfRhM=,FX/O6mfycIPkA7p6zkmYVg03JYU=
-21,24,CAGaoibFVJrTEtH82CLvccFfRhM=,cL8aCYKT9kOQMMD0wyELOs/AwsQ=
-17,27,CAGaoibFVJrTEtH82CLvccFfRhM=,FX/O6mfycIPkA7p6zkmYVg03JYU=
-21,22,CAGaoibFVJrTEtH82CLvccFfRhM=,cL8aCYKT9kOQMMD0wyELOs/AwsQ=
-21,23,CAGaoibFVJrTEtH82CLvccFfRhM=,cL8aCYKT9kOQMMD0wyELOs/AwsQ=
-20,23,CAGaoibFVJrTEtH82CLvccFfRhM=,cL8aCYKT9kOQMMD0wyELOs/AwsQ=
-22,23,CAGaoibFVJrTEtH82CLvccFfRhM=,cL8aCYKT9kOQMMD0wyELOs/AwsQ=
-20,22,CAGaoibFVJrTEtH82CLvccFfRhM=,cL8aCYKT9kOQMMD0wyELOs/AwsQ=
-18,21,CAGaoibFVJrTEtH82CLvccFfRhM=,rC+pIuMSVtq/l97E/jFqCsWvuC8=
-17,20,CAGaoibFVJrTEtH82CLvccFfRhM=,rC+pIuMSVtq/l97E/jFqCsWvuC8=
-19,23,CAGaoibFVJrTEtH82CLvccFfRhM=,cL8aCYKT9kOQMMD0wyELOs/AwsQ=
-19,22,CAGaoibFVJrTEtH82CLvccFfRhM=,cL8aCYKT9kOQMMD0wyELOs/AwsQ=
-17,21,CAGaoibFVJrTEtH82CLvccFfRhM=,rC+pIuMSVtq/l97E/jFqCsWvuC8=
-18,22,CAGaoibFVJrTEtH82CLvccFfRhM=,FX/O6mfycIPkA7p6zkmYVg03JYU=
-17,22,CAGaoibFVJrTEtH82CLvccFfRhM=,FX/O6mfycIPkA7p6zkmYVg03JYU=
-20,24,CAGaoibFVJrTEtH82CLvccFfRhM=,cL8aCYKT9kOQMMD0wyELOs/AwsQ=
-19,24,CAGaoibFVJrTEtH82CLvccFfRhM=,cL8aCYKT9kOQMMD0wyELOs/AwsQ=
-18,24,CAGaoibFVJrTEtH82CLvccFfRhM=,FX/O6mfycIPkA7p6zkmYVg03JYU=
-17,24,CAGaoibFVJrTEtH82CLvccFfRhM=,FX/O6mfycIPkA7p6zkmYVg03JYU=
-17,23,CAGaoibFVJrTEtH82CLvccFfRhM=,FX/O6mfycIPkA7p6zkmYVg03JYU=
-18,23,CAGaoibFVJrTEtH82CLvccFfRhM=,FX/O6mfycIPkA7p6zkmYVg03JYU=
-5,20,CAGaoibFVJrTEtH82CLvccFfRhM=,ydowcKoxOke3uA6R0U46UWyOITo=
-5,19,CAGaoibFVJrTEtH82CLvccFfRhM=,ydowcKoxOke3uA6R0U46UWyOITo=
-4,19,CAGaoibFVJrTEtH82CLvccFfRhM=,D1c1ocCkfA3o6XhmLZIfMt54RkE=
-4,20,CAGaoibFVJrTEtH82CLvccFfRhM=,D1c1ocCkfA3o6XhmLZIfMt54RkE=
-3,19,CAGaoibFVJrTEtH82CLvccFfRhM=,D1c1ocCkfA3o6XhmLZIfMt54RkE=
-2,20,CAGaoibFVJrTEtH82CLvccFfRhM=,Hgo0sh7RRQYJI4nN1FA2XNveryI=
-2,19,CAGaoibFVJrTEtH82CLvccFfRhM=,Hgo0sh7RRQYJI4nN1FA2XNveryI=
-3,20,CAGaoibFVJrTEtH82CLvccFfRhM=,D1c1ocCkfA3o6XhmLZIfMt54RkE=
-2,21,moKJHzYoAJcT87pKlbK3V4Kaz6o=,Hgo0sh7RRQYJI4nN1FA2XNveryI=
-3,22,moKJHzYoAJcT87pKlbK3V4Kaz6o=,D1c1ocCkfA3o6XhmLZIfMt54RkE=
-3,21,moKJHzYoAJcT87pKlbK3V4Kaz6o=,D1c1ocCkfA3o6XhmLZIfMt54RkE=
-2,22,moKJHzYoAJcT87pKlbK3V4Kaz6o=,Hgo0sh7RRQYJI4nN1FA2XNveryI=
-5,22,moKJHzYoAJcT87pKlbK3V4Kaz6o=,ydowcKoxOke3uA6R0U46UWyOITo=
-5,21,moKJHzYoAJcT87pKlbK3V4Kaz6o=,ydowcKoxOke3uA6R0U46UWyOITo=
-4,21,moKJHzYoAJcT87pKlbK3V4Kaz6o=,D1c1ocCkfA3o6XhmLZIfMt54RkE=
-4,22,moKJHzYoAJcT87pKlbK3V4Kaz6o=,D1c1ocCkfA3o6XhmLZIfMt54RkE=
-5,23,moKJHzYoAJcT87pKlbK3V4Kaz6o=,ydowcKoxOke3uA6R0U46UWyOITo=
-5,24,moKJHzYoAJcT87pKlbK3V4Kaz6o=,ydowcKoxOke3uA6R0U46UWyOITo=
-4,24,moKJHzYoAJcT87pKlbK3V4Kaz6o=,D1c1ocCkfA3o6XhmLZIfMt54RkE=
-4,23,moKJHzYoAJcT87pKlbK3V4Kaz6o=,D1c1ocCkfA3o6XhmLZIfMt54RkE=
-6,24,moKJHzYoAJcT87pKlbK3V4Kaz6o=,ydowcKoxOke3uA6R0U46UWyOITo=
-7,22,moKJHzYoAJcT87pKlbK3V4Kaz6o=,mh1lSLt9y+HpWoaVThaRoJ1j6lA=
-7,23,moKJHzYoAJcT87pKlbK3V4Kaz6o=,mh1lSLt9y+HpWoaVThaRoJ1j6lA=
-6,22,moKJHzYoAJcT87pKlbK3V4Kaz6o=,ydowcKoxOke3uA6R0U46UWyOITo=
-6,19,moKJHzYoAJcT87pKlbK3V4Kaz6o=,ydowcKoxOke3uA6R0U46UWyOITo=
-7,19,moKJHzYoAJcT87pKlbK3V4Kaz6o=,mh1lSLt9y+HpWoaVThaRoJ1j6lA=
-6,23,moKJHzYoAJcT87pKlbK3V4Kaz6o=,ydowcKoxOke3uA6R0U46UWyOITo=
-7,20,moKJHzYoAJcT87pKlbK3V4Kaz6o=,ydowcKoxOke3uA6R0U46UWyOITo=
-6,20,moKJHzYoAJcT87pKlbK3V4Kaz6o=,ydowcKoxOke3uA6R0U46UWyOITo=
-7,24,moKJHzYoAJcT87pKlbK3V4Kaz6o=,mh1lSLt9y+HpWoaVThaRoJ1j6lA=
-6,21,moKJHzYoAJcT87pKlbK3V4Kaz6o=,ydowcKoxOke3uA6R0U46UWyOITo=
-7,21,moKJHzYoAJcT87pKlbK3V4Kaz6o=,ydowcKoxOke3uA6R0U46UWyOITo=
-8,20,moKJHzYoAJcT87pKlbK3V4Kaz6o=,ydowcKoxOke3uA6R0U46UWyOITo=
-8,19,moKJHzYoAJcT87pKlbK3V4Kaz6o=,mh1lSLt9y+HpWoaVThaRoJ1j6lA=
-9,19,moKJHzYoAJcT87pKlbK3V4Kaz6o=,qvIw3LYRy6+L+xx/sQMC8ehUOQo=
-9,20,moKJHzYoAJcT87pKlbK3V4Kaz6o=,qvIw3LYRy6+L+xx/sQMC8ehUOQo=
-8,22,moKJHzYoAJcT87pKlbK3V4Kaz6o=,mh1lSLt9y+HpWoaVThaRoJ1j6lA=
-9,22,moKJHzYoAJcT87pKlbK3V4Kaz6o=,mh1lSLt9y+HpWoaVThaRoJ1j6lA=
-8,21,moKJHzYoAJcT87pKlbK3V4Kaz6o=,ydowcKoxOke3uA6R0U46UWyOITo=
-9,21,moKJHzYoAJcT87pKlbK3V4Kaz6o=,qvIw3LYRy6+L+xx/sQMC8ehUOQo=
-10,22,moKJHzYoAJcT87pKlbK3V4Kaz6o=,mh1lSLt9y+HpWoaVThaRoJ1j6lA=
-11,21,moKJHzYoAJcT87pKlbK3V4Kaz6o=,qvIw3LYRy6+L+xx/sQMC8ehUOQo=
-10,21,moKJHzYoAJcT87pKlbK3V4Kaz6o=,qvIw3LYRy6+L+xx/sQMC8ehUOQo=
-11,22,moKJHzYoAJcT87pKlbK3V4Kaz6o=,qvIw3LYRy6+L+xx/sQMC8ehUOQo=
-10,19,moKJHzYoAJcT87pKlbK3V4Kaz6o=,qvIw3LYRy6+L+xx/sQMC8ehUOQo=
-11,20,moKJHzYoAJcT87pKlbK3V4Kaz6o=,qvIw3LYRy6+L+xx/sQMC8ehUOQo=
-10,20,moKJHzYoAJcT87pKlbK3V4Kaz6o=,qvIw3LYRy6+L+xx/sQMC8ehUOQo=
-11,19,moKJHzYoAJcT87pKlbK3V4Kaz6o=,FX/O6mfycIPkA7p6zkmYVg03JYU=
-13,18,moKJHzYoAJcT87pKlbK3V4Kaz6o=,FX/O6mfycIPkA7p6zkmYVg03JYU=
-12,18,moKJHzYoAJcT87pKlbK3V4Kaz6o=,FX/O6mfycIPkA7p6zkmYVg03JYU=
-12,17,moKJHzYoAJcT87pKlbK3V4Kaz6o=,FX/O6mfycIPkA7p6zkmYVg03JYU=
-13,17,moKJHzYoAJcT87pKlbK3V4Kaz6o=,FX/O6mfycIPkA7p6zkmYVg03JYU=
-13,20,moKJHzYoAJcT87pKlbK3V4Kaz6o=,FX/O6mfycIPkA7p6zkmYVg03JYU=
-12,19,moKJHzYoAJcT87pKlbK3V4Kaz6o=,FX/O6mfycIPkA7p6zkmYVg03JYU=
-13,19,moKJHzYoAJcT87pKlbK3V4Kaz6o=,FX/O6mfycIPkA7p6zkmYVg03JYU=
-12,20,moKJHzYoAJcT87pKlbK3V4Kaz6o=,qvIw3LYRy6+L+xx/sQMC8ehUOQo=
-13,22,moKJHzYoAJcT87pKlbK3V4Kaz6o=,FX/O6mfycIPkA7p6zkmYVg03JYU=
-12,22,moKJHzYoAJcT87pKlbK3V4Kaz6o=,qvIw3LYRy6+L+xx/sQMC8ehUOQo=
-12,21,moKJHzYoAJcT87pKlbK3V4Kaz6o=,qvIw3LYRy6+L+xx/sQMC8ehUOQo=
-13,21,moKJHzYoAJcT87pKlbK3V4Kaz6o=,FX/O6mfycIPkA7p6zkmYVg03JYU=
-13,24,moKJHzYoAJcT87pKlbK3V4Kaz6o=,FX/O6mfycIPkA7p6zkmYVg03JYU=
-13,23,moKJHzYoAJcT87pKlbK3V4Kaz6o=,FX/O6mfycIPkA7p6zkmYVg03JYU=
-12,23,moKJHzYoAJcT87pKlbK3V4Kaz6o=,qvIw3LYRy6+L+xx/sQMC8ehUOQo=
-12,24,moKJHzYoAJcT87pKlbK3V4Kaz6o=,qvIw3LYRy6+L+xx/sQMC8ehUOQo=
-12,26,moKJHzYoAJcT87pKlbK3V4Kaz6o=,qvIw3LYRy6+L+xx/sQMC8ehUOQo=
-12,25,moKJHzYoAJcT87pKlbK3V4Kaz6o=,qvIw3LYRy6+L+xx/sQMC8ehUOQo=
-13,26,moKJHzYoAJcT87pKlbK3V4Kaz6o=,FX/O6mfycIPkA7p6zkmYVg03JYU=
-13,25,moKJHzYoAJcT87pKlbK3V4Kaz6o=,FX/O6mfycIPkA7p6zkmYVg03JYU=
-14,24,moKJHzYoAJcT87pKlbK3V4Kaz6o=,FX/O6mfycIPkA7p6zkmYVg03JYU=
-15,24,moKJHzYoAJcT87pKlbK3V4Kaz6o=,FX/O6mfycIPkA7p6zkmYVg03JYU=
-14,18,moKJHzYoAJcT87pKlbK3V4Kaz6o=,FX/O6mfycIPkA7p6zkmYVg03JYU=
-15,18,moKJHzYoAJcT87pKlbK3V4Kaz6o=,FX/O6mfycIPkA7p6zkmYVg03JYU=
-15,17,moKJHzYoAJcT87pKlbK3V4Kaz6o=,+VZKO0Um/aHbn2xVhZpMC8bQzuE=
-14,17,moKJHzYoAJcT87pKlbK3V4Kaz6o=,FX/O6mfycIPkA7p6zkmYVg03JYU=
-15,23,moKJHzYoAJcT87pKlbK3V4Kaz6o=,FX/O6mfycIPkA7p6zkmYVg03JYU=
-15,28,moKJHzYoAJcT87pKlbK3V4Kaz6o=,FX/O6mfycIPkA7p6zkmYVg03JYU=
-15,25,moKJHzYoAJcT87pKlbK3V4Kaz6o=,FX/O6mfycIPkA7p6zkmYVg03JYU=
-14,26,moKJHzYoAJcT87pKlbK3V4Kaz6o=,FX/O6mfycIPkA7p6zkmYVg03JYU=
-15,27,moKJHzYoAJcT87pKlbK3V4Kaz6o=,FX/O6mfycIPkA7p6zkmYVg03JYU=
-16,28,moKJHzYoAJcT87pKlbK3V4Kaz6o=,FX/O6mfycIPkA7p6zkmYVg03JYU=
-14,27,moKJHzYoAJcT87pKlbK3V4Kaz6o=,FX/O6mfycIPkA7p6zkmYVg03JYU=
-15,26,moKJHzYoAJcT87pKlbK3V4Kaz6o=,FX/O6mfycIPkA7p6zkmYVg03JYU=
-16,27,moKJHzYoAJcT87pKlbK3V4Kaz6o=,FX/O6mfycIPkA7p6zkmYVg03JYU=
-16,25,moKJHzYoAJcT87pKlbK3V4Kaz6o=,FX/O6mfycIPkA7p6zkmYVg03JYU=
-16,26,moKJHzYoAJcT87pKlbK3V4Kaz6o=,FX/O6mfycIPkA7p6zkmYVg03JYU=
-14,23,moKJHzYoAJcT87pKlbK3V4Kaz6o=,FX/O6mfycIPkA7p6zkmYVg03JYU=
-16,23,moKJHzYoAJcT87pKlbK3V4Kaz6o=,FX/O6mfycIPkA7p6zkmYVg03JYU=
-16,24,moKJHzYoAJcT87pKlbK3V4Kaz6o=,FX/O6mfycIPkA7p6zkmYVg03JYU=
-14,25,moKJHzYoAJcT87pKlbK3V4Kaz6o=,FX/O6mfycIPkA7p6zkmYVg03JYU=
-14,22,moKJHzYoAJcT87pKlbK3V4Kaz6o=,FX/O6mfycIPkA7p6zkmYVg03JYU=
-14,20,moKJHzYoAJcT87pKlbK3V4Kaz6o=,FX/O6mfycIPkA7p6zkmYVg03JYU=
-15,19,moKJHzYoAJcT87pKlbK3V4Kaz6o=,FX/O6mfycIPkA7p6zkmYVg03JYU=
-15,21,moKJHzYoAJcT87pKlbK3V4Kaz6o=,FX/O6mfycIPkA7p6zkmYVg03JYU=
-15,20,moKJHzYoAJcT87pKlbK3V4Kaz6o=,FX/O6mfycIPkA7p6zkmYVg03JYU=
-16,21,moKJHzYoAJcT87pKlbK3V4Kaz6o=,FX/O6mfycIPkA7p6zkmYVg03JYU=
-16,19,moKJHzYoAJcT87pKlbK3V4Kaz6o=,FX/O6mfycIPkA7p6zkmYVg03JYU=
-14,21,moKJHzYoAJcT87pKlbK3V4Kaz6o=,FX/O6mfycIPkA7p6zkmYVg03JYU=
-16,22,moKJHzYoAJcT87pKlbK3V4Kaz6o=,FX/O6mfycIPkA7p6zkmYVg03JYU=
-16,20,moKJHzYoAJcT87pKlbK3V4Kaz6o=,FX/O6mfycIPkA7p6zkmYVg03JYU=
-14,19,moKJHzYoAJcT87pKlbK3V4Kaz6o=,FX/O6mfycIPkA7p6zkmYVg03JYU=
-15,22,moKJHzYoAJcT87pKlbK3V4Kaz6o=,FX/O6mfycIPkA7p6zkmYVg03JYU=
-13,16,moKJHzYoAJcT87pKlbK3V4Kaz6o=,FX/O6mfycIPkA7p6zkmYVg03JYU=
-15,16,moKJHzYoAJcT87pKlbK3V4Kaz6o=,+VZKO0Um/aHbn2xVhZpMC8bQzuE=
-14,16,moKJHzYoAJcT87pKlbK3V4Kaz6o=,FX/O6mfycIPkA7p6zkmYVg03JYU=
-12,16,moKJHzYoAJcT87pKlbK3V4Kaz6o=,FX/O6mfycIPkA7p6zkmYVg03JYU=
-16,17,moKJHzYoAJcT87pKlbK3V4Kaz6o=,+VZKO0Um/aHbn2xVhZpMC8bQzuE=
-16,18,moKJHzYoAJcT87pKlbK3V4Kaz6o=,FX/O6mfycIPkA7p6zkmYVg03JYU=
-16,16,moKJHzYoAJcT87pKlbK3V4Kaz6o=,+VZKO0Um/aHbn2xVhZpMC8bQzuE=
-1,18,moKJHzYoAJcT87pKlbK3V4Kaz6o=,Hgo0sh7RRQYJI4nN1FA2XNveryI=
-1,17,moKJHzYoAJcT87pKlbK3V4Kaz6o=,Hgo0sh7RRQYJI4nN1FA2XNveryI=
-1,20,moKJHzYoAJcT87pKlbK3V4Kaz6o=,Hgo0sh7RRQYJI4nN1FA2XNveryI=
-1,19,moKJHzYoAJcT87pKlbK3V4Kaz6o=,Hgo0sh7RRQYJI4nN1FA2XNveryI=
-4,25,moKJHzYoAJcT87pKlbK3V4Kaz6o=,D1c1ocCkfA3o6XhmLZIfMt54RkE=
-5,25,moKJHzYoAJcT87pKlbK3V4Kaz6o=,ydowcKoxOke3uA6R0U46UWyOITo=
-7,25,moKJHzYoAJcT87pKlbK3V4Kaz6o=,mh1lSLt9y+HpWoaVThaRoJ1j6lA=
-6,25,moKJHzYoAJcT87pKlbK3V4Kaz6o=,ydowcKoxOke3uA6R0U46UWyOITo=
-1,22,moKJHzYoAJcT87pKlbK3V4Kaz6o=,Hgo0sh7RRQYJI4nN1FA2XNveryI=
-1,21,moKJHzYoAJcT87pKlbK3V4Kaz6o=,Hgo0sh7RRQYJI4nN1FA2XNveryI=
-8,17,moKJHzYoAJcT87pKlbK3V4Kaz6o=,CXQe2EvA6qOmeocd/1qvqQ83Iy4=
-9,17,moKJHzYoAJcT87pKlbK3V4Kaz6o=,qvIw3LYRy6+L+xx/sQMC8ehUOQo=
-9,18,moKJHzYoAJcT87pKlbK3V4Kaz6o=,qvIw3LYRy6+L+xx/sQMC8ehUOQo=
-10,17,moKJHzYoAJcT87pKlbK3V4Kaz6o=,qvIw3LYRy6+L+xx/sQMC8ehUOQo=
-10,18,moKJHzYoAJcT87pKlbK3V4Kaz6o=,qvIw3LYRy6+L+xx/sQMC8ehUOQo=
-11,17,moKJHzYoAJcT87pKlbK3V4Kaz6o=,FX/O6mfycIPkA7p6zkmYVg03JYU=
-8,16,moKJHzYoAJcT87pKlbK3V4Kaz6o=,CXQe2EvA6qOmeocd/1qvqQ83Iy4=
-8,18,moKJHzYoAJcT87pKlbK3V4Kaz6o=,mh1lSLt9y+HpWoaVThaRoJ1j6lA=
-10,16,moKJHzYoAJcT87pKlbK3V4Kaz6o=,qvIw3LYRy6+L+xx/sQMC8ehUOQo=
-11,18,moKJHzYoAJcT87pKlbK3V4Kaz6o=,FX/O6mfycIPkA7p6zkmYVg03JYU=
-12,27,moKJHzYoAJcT87pKlbK3V4Kaz6o=,qvIw3LYRy6+L+xx/sQMC8ehUOQo=
-11,16,moKJHzYoAJcT87pKlbK3V4Kaz6o=,FX/O6mfycIPkA7p6zkmYVg03JYU=
-11,27,moKJHzYoAJcT87pKlbK3V4Kaz6o=,qvIw3LYRy6+L+xx/sQMC8ehUOQo=
-13,27,moKJHzYoAJcT87pKlbK3V4Kaz6o=,FX/O6mfycIPkA7p6zkmYVg03JYU=
-9,16,moKJHzYoAJcT87pKlbK3V4Kaz6o=,qvIw3LYRy6+L+xx/sQMC8ehUOQo=
-1,23,moKJHzYoAJcT87pKlbK3V4Kaz6o=,Hgo0sh7RRQYJI4nN1FA2XNveryI=
-1,25,moKJHzYoAJcT87pKlbK3V4Kaz6o=,Hgo0sh7RRQYJI4nN1FA2XNveryI=
-3,25,moKJHzYoAJcT87pKlbK3V4Kaz6o=,D1c1ocCkfA3o6XhmLZIfMt54RkE=
-2,23,moKJHzYoAJcT87pKlbK3V4Kaz6o=,Hgo0sh7RRQYJI4nN1FA2XNveryI=
-2,25,moKJHzYoAJcT87pKlbK3V4Kaz6o=,Hgo0sh7RRQYJI4nN1FA2XNveryI=
-1,24,moKJHzYoAJcT87pKlbK3V4Kaz6o=,Hgo0sh7RRQYJI4nN1FA2XNveryI=
-15,29,moKJHzYoAJcT87pKlbK3V4Kaz6o=,FX/O6mfycIPkA7p6zkmYVg03JYU=
-1,16,moKJHzYoAJcT87pKlbK3V4Kaz6o=,Hgo0sh7RRQYJI4nN1FA2XNveryI=
-16,29,moKJHzYoAJcT87pKlbK3V4Kaz6o=,FX/O6mfycIPkA7p6zkmYVg03JYU=
-2,24,moKJHzYoAJcT87pKlbK3V4Kaz6o=,Hgo0sh7RRQYJI4nN1FA2XNveryI=
-7,17,moKJHzYoAJcT87pKlbK3V4Kaz6o=,CXQe2EvA6qOmeocd/1qvqQ83Iy4=
-7,18,moKJHzYoAJcT87pKlbK3V4Kaz6o=,mh1lSLt9y+HpWoaVThaRoJ1j6lA=
-6,17,moKJHzYoAJcT87pKlbK3V4Kaz6o=,oUHO09uiwr1cF1xXFtpPxVxJs9Q=
-6,16,moKJHzYoAJcT87pKlbK3V4Kaz6o=,oUHO09uiwr1cF1xXFtpPxVxJs9Q=
-6,18,moKJHzYoAJcT87pKlbK3V4Kaz6o=,ydowcKoxOke3uA6R0U46UWyOITo=
-3,24,moKJHzYoAJcT87pKlbK3V4Kaz6o=,D1c1ocCkfA3o6XhmLZIfMt54RkE=
-2,16,moKJHzYoAJcT87pKlbK3V4Kaz6o=,Hgo0sh7RRQYJI4nN1FA2XNveryI=
-3,23,moKJHzYoAJcT87pKlbK3V4Kaz6o=,D1c1ocCkfA3o6XhmLZIfMt54RkE=
-7,16,moKJHzYoAJcT87pKlbK3V4Kaz6o=,CXQe2EvA6qOmeocd/1qvqQ83Iy4=
-2,17,moKJHzYoAJcT87pKlbK3V4Kaz6o=,Hgo0sh7RRQYJI4nN1FA2XNveryI=
-2,18,moKJHzYoAJcT87pKlbK3V4Kaz6o=,Hgo0sh7RRQYJI4nN1FA2XNveryI=
-5,17,moKJHzYoAJcT87pKlbK3V4Kaz6o=,oUHO09uiwr1cF1xXFtpPxVxJs9Q=
-5,18,moKJHzYoAJcT87pKlbK3V4Kaz6o=,ydowcKoxOke3uA6R0U46UWyOITo=
-8,25,moKJHzYoAJcT87pKlbK3V4Kaz6o=,mh1lSLt9y+HpWoaVThaRoJ1j6lA=
-4,18,moKJHzYoAJcT87pKlbK3V4Kaz6o=,D1c1ocCkfA3o6XhmLZIfMt54RkE=
-11,24,moKJHzYoAJcT87pKlbK3V4Kaz6o=,qvIw3LYRy6+L+xx/sQMC8ehUOQo=
-11,26,moKJHzYoAJcT87pKlbK3V4Kaz6o=,qvIw3LYRy6+L+xx/sQMC8ehUOQo=
-11,25,moKJHzYoAJcT87pKlbK3V4Kaz6o=,qvIw3LYRy6+L+xx/sQMC8ehUOQo=
-3,18,moKJHzYoAJcT87pKlbK3V4Kaz6o=,D1c1ocCkfA3o6XhmLZIfMt54RkE=
-3,16,moKJHzYoAJcT87pKlbK3V4Kaz6o=,oUHO09uiwr1cF1xXFtpPxVxJs9Q=
-3,17,moKJHzYoAJcT87pKlbK3V4Kaz6o=,oUHO09uiwr1cF1xXFtpPxVxJs9Q=
-8,24,moKJHzYoAJcT87pKlbK3V4Kaz6o=,mh1lSLt9y+HpWoaVThaRoJ1j6lA=
-4,16,moKJHzYoAJcT87pKlbK3V4Kaz6o=,oUHO09uiwr1cF1xXFtpPxVxJs9Q=
-5,16,moKJHzYoAJcT87pKlbK3V4Kaz6o=,oUHO09uiwr1cF1xXFtpPxVxJs9Q=
-9,23,moKJHzYoAJcT87pKlbK3V4Kaz6o=,mh1lSLt9y+HpWoaVThaRoJ1j6lA=
-10,24,moKJHzYoAJcT87pKlbK3V4Kaz6o=,mh1lSLt9y+HpWoaVThaRoJ1j6lA=
-8,23,moKJHzYoAJcT87pKlbK3V4Kaz6o=,mh1lSLt9y+HpWoaVThaRoJ1j6lA=
-10,23,moKJHzYoAJcT87pKlbK3V4Kaz6o=,mh1lSLt9y+HpWoaVThaRoJ1j6lA=
-11,23,moKJHzYoAJcT87pKlbK3V4Kaz6o=,qvIw3LYRy6+L+xx/sQMC8ehUOQo=
-4,17,moKJHzYoAJcT87pKlbK3V4Kaz6o=,oUHO09uiwr1cF1xXFtpPxVxJs9Q=
-9,24,moKJHzYoAJcT87pKlbK3V4Kaz6o=,mh1lSLt9y+HpWoaVThaRoJ1j6lA=
-10,25,moKJHzYoAJcT87pKlbK3V4Kaz6o=,mh1lSLt9y+HpWoaVThaRoJ1j6lA=
-9,25,moKJHzYoAJcT87pKlbK3V4Kaz6o=,mh1lSLt9y+HpWoaVThaRoJ1j6lA=
-4,6,ucGMX6FoHVduyx5hNySURfxvYuk=,lKQNj0VQIA1qG3h9oTzZUqZ52I4=
-5,5,ucGMX6FoHVduyx5hNySURfxvYuk=,tBikTXjIsi/iIL+j31DtFv/tcjc=
-4,5,ucGMX6FoHVduyx5hNySURfxvYuk=,lKQNj0VQIA1qG3h9oTzZUqZ52I4=
-5,6,ucGMX6FoHVduyx5hNySURfxvYuk=,jCCz/xSNNuOFI9FrnqBbXoS+GlY=
-4,4,ucGMX6FoHVduyx5hNySURfxvYuk=,lKQNj0VQIA1qG3h9oTzZUqZ52I4=
-5,3,ucGMX6FoHVduyx5hNySURfxvYuk=,tBikTXjIsi/iIL+j31DtFv/tcjc=
-4,3,ucGMX6FoHVduyx5hNySURfxvYuk=,lKQNj0VQIA1qG3h9oTzZUqZ52I4=
-5,4,ucGMX6FoHVduyx5hNySURfxvYuk=,tBikTXjIsi/iIL+j31DtFv/tcjc=
-5,2,ucGMX6FoHVduyx5hNySURfxvYuk=,tBikTXjIsi/iIL+j31DtFv/tcjc=
-4,2,ucGMX6FoHVduyx5hNySURfxvYuk=,lKQNj0VQIA1qG3h9oTzZUqZ52I4=
-5,1,ucGMX6FoHVduyx5hNySURfxvYuk=,tBikTXjIsi/iIL+j31DtFv/tcjc=
-4,1,ucGMX6FoHVduyx5hNySURfxvYuk=,lKQNj0VQIA1qG3h9oTzZUqZ52I4=
-3,2,ucGMX6FoHVduyx5hNySURfxvYuk=,lKQNj0VQIA1qG3h9oTzZUqZ52I4=
-2,4,ucGMX6FoHVduyx5hNySURfxvYuk=,lKQNj0VQIA1qG3h9oTzZUqZ52I4=
-3,1,ucGMX6FoHVduyx5hNySURfxvYuk=,lKQNj0VQIA1qG3h9oTzZUqZ52I4=
-2,2,ucGMX6FoHVduyx5hNySURfxvYuk=,lKQNj0VQIA1qG3h9oTzZUqZ52I4=
-3,4,ucGMX6FoHVduyx5hNySURfxvYuk=,lKQNj0VQIA1qG3h9oTzZUqZ52I4=
-2,1,ucGMX6FoHVduyx5hNySURfxvYuk=,lKQNj0VQIA1qG3h9oTzZUqZ52I4=
-2,3,ucGMX6FoHVduyx5hNySURfxvYuk=,lKQNj0VQIA1qG3h9oTzZUqZ52I4=
-3,3,ucGMX6FoHVduyx5hNySURfxvYuk=,lKQNj0VQIA1qG3h9oTzZUqZ52I4=
-2,6,ucGMX6FoHVduyx5hNySURfxvYuk=,lKQNj0VQIA1qG3h9oTzZUqZ52I4=
-3,6,ucGMX6FoHVduyx5hNySURfxvYuk=,lKQNj0VQIA1qG3h9oTzZUqZ52I4=
-3,5,ucGMX6FoHVduyx5hNySURfxvYuk=,lKQNj0VQIA1qG3h9oTzZUqZ52I4=
-2,5,ucGMX6FoHVduyx5hNySURfxvYuk=,lKQNj0VQIA1qG3h9oTzZUqZ52I4=
-2,8,ucGMX6FoHVduyx5hNySURfxvYuk=,5hiBbYN0ZIxBJ9EqY2F2wVVx/B4=
-2,7,ucGMX6FoHVduyx5hNySURfxvYuk=,lKQNj0VQIA1qG3h9oTzZUqZ52I4=
-3,7,ucGMX6FoHVduyx5hNySURfxvYuk=,lKQNj0VQIA1qG3h9oTzZUqZ52I4=
-3,8,ucGMX6FoHVduyx5hNySURfxvYuk=,142sdYxSUTNwcsi2q7o5IElMGMY=
-4,8,ucGMX6FoHVduyx5hNySURfxvYuk=,142sdYxSUTNwcsi2q7o5IElMGMY=
-5,8,ucGMX6FoHVduyx5hNySURfxvYuk=,jCCz/xSNNuOFI9FrnqBbXoS+GlY=
-5,7,ucGMX6FoHVduyx5hNySURfxvYuk=,jCCz/xSNNuOFI9FrnqBbXoS+GlY=
-4,7,ucGMX6FoHVduyx5hNySURfxvYuk=,lKQNj0VQIA1qG3h9oTzZUqZ52I4=
-7,8,ucGMX6FoHVduyx5hNySURfxvYuk=,qvIw3LYRy6+L+xx/sQMC8ehUOQo=
-7,7,ucGMX6FoHVduyx5hNySURfxvYuk=,qvIw3LYRy6+L+xx/sQMC8ehUOQo=
-6,7,ucGMX6FoHVduyx5hNySURfxvYuk=,jCCz/xSNNuOFI9FrnqBbXoS+GlY=
-6,8,ucGMX6FoHVduyx5hNySURfxvYuk=,jCCz/xSNNuOFI9FrnqBbXoS+GlY=
-7,6,ucGMX6FoHVduyx5hNySURfxvYuk=,qvIw3LYRy6+L+xx/sQMC8ehUOQo=
-7,5,ucGMX6FoHVduyx5hNySURfxvYuk=,qvIw3LYRy6+L+xx/sQMC8ehUOQo=
-6,5,ucGMX6FoHVduyx5hNySURfxvYuk=,tBikTXjIsi/iIL+j31DtFv/tcjc=
-6,6,ucGMX6FoHVduyx5hNySURfxvYuk=,jCCz/xSNNuOFI9FrnqBbXoS+GlY=
-6,10,ucGMX6FoHVduyx5hNySURfxvYuk=,jCCz/xSNNuOFI9FrnqBbXoS+GlY=
-7,10,ucGMX6FoHVduyx5hNySURfxvYuk=,qvIw3LYRy6+L+xx/sQMC8ehUOQo=
-7,9,ucGMX6FoHVduyx5hNySURfxvYuk=,qvIw3LYRy6+L+xx/sQMC8ehUOQo=
-6,9,ucGMX6FoHVduyx5hNySURfxvYuk=,jCCz/xSNNuOFI9FrnqBbXoS+GlY=
-4,9,kM83S+zKqvbUH1exeAv74NLFt+4=,142sdYxSUTNwcsi2q7o5IElMGMY=
-4,10,kM83S+zKqvbUH1exeAv74NLFt+4=,oUHO09uiwr1cF1xXFtpPxVxJs9Q=
-5,10,kM83S+zKqvbUH1exeAv74NLFt+4=,jCCz/xSNNuOFI9FrnqBbXoS+GlY=
-5,9,kM83S+zKqvbUH1exeAv74NLFt+4=,jCCz/xSNNuOFI9FrnqBbXoS+GlY=
-8,10,kM83S+zKqvbUH1exeAv74NLFt+4=,qvIw3LYRy6+L+xx/sQMC8ehUOQo=
-9,10,kM83S+zKqvbUH1exeAv74NLFt+4=,qvIw3LYRy6+L+xx/sQMC8ehUOQo=
-3,9,kM83S+zKqvbUH1exeAv74NLFt+4=,142sdYxSUTNwcsi2q7o5IElMGMY=
-3,10,kM83S+zKqvbUH1exeAv74NLFt+4=,oUHO09uiwr1cF1xXFtpPxVxJs9Q=
-8,9,kM83S+zKqvbUH1exeAv74NLFt+4=,qvIw3LYRy6+L+xx/sQMC8ehUOQo=
-9,9,kM83S+zKqvbUH1exeAv74NLFt+4=,qvIw3LYRy6+L+xx/sQMC8ehUOQo=
-2,9,kM83S+zKqvbUH1exeAv74NLFt+4=,5hiBbYN0ZIxBJ9EqY2F2wVVx/B4=
-2,10,kM83S+zKqvbUH1exeAv74NLFt+4=,142sdYxSUTNwcsi2q7o5IElMGMY=
-8,12,kM83S+zKqvbUH1exeAv74NLFt+4=,qvIw3LYRy6+L+xx/sQMC8ehUOQo=
-9,11,kM83S+zKqvbUH1exeAv74NLFt+4=,qvIw3LYRy6+L+xx/sQMC8ehUOQo=
-8,11,kM83S+zKqvbUH1exeAv74NLFt+4=,qvIw3LYRy6+L+xx/sQMC8ehUOQo=
-9,12,kM83S+zKqvbUH1exeAv74NLFt+4=,qvIw3LYRy6+L+xx/sQMC8ehUOQo=
-9,14,kM83S+zKqvbUH1exeAv74NLFt+4=,qvIw3LYRy6+L+xx/sQMC8ehUOQo=
-8,14,kM83S+zKqvbUH1exeAv74NLFt+4=,qvIw3LYRy6+L+xx/sQMC8ehUOQo=
-9,13,kM83S+zKqvbUH1exeAv74NLFt+4=,qvIw3LYRy6+L+xx/sQMC8ehUOQo=
-8,13,kM83S+zKqvbUH1exeAv74NLFt+4=,qvIw3LYRy6+L+xx/sQMC8ehUOQo=
-6,12,kM83S+zKqvbUH1exeAv74NLFt+4=,jCCz/xSNNuOFI9FrnqBbXoS+GlY=
-7,11,kM83S+zKqvbUH1exeAv74NLFt+4=,qvIw3LYRy6+L+xx/sQMC8ehUOQo=
-7,12,kM83S+zKqvbUH1exeAv74NLFt+4=,qvIw3LYRy6+L+xx/sQMC8ehUOQo=
-6,11,kM83S+zKqvbUH1exeAv74NLFt+4=,jCCz/xSNNuOFI9FrnqBbXoS+GlY=
-6,13,kM83S+zKqvbUH1exeAv74NLFt+4=,jCCz/xSNNuOFI9FrnqBbXoS+GlY=
-7,13,kM83S+zKqvbUH1exeAv74NLFt+4=,qvIw3LYRy6+L+xx/sQMC8ehUOQo=
-4,12,kM83S+zKqvbUH1exeAv74NLFt+4=,oUHO09uiwr1cF1xXFtpPxVxJs9Q=
-5,12,kM83S+zKqvbUH1exeAv74NLFt+4=,jCCz/xSNNuOFI9FrnqBbXoS+GlY=
-6,14,kM83S+zKqvbUH1exeAv74NLFt+4=,oUHO09uiwr1cF1xXFtpPxVxJs9Q=
-5,11,kM83S+zKqvbUH1exeAv74NLFt+4=,jCCz/xSNNuOFI9FrnqBbXoS+GlY=
-7,14,kM83S+zKqvbUH1exeAv74NLFt+4=,qvIw3LYRy6+L+xx/sQMC8ehUOQo=
-4,11,kM83S+zKqvbUH1exeAv74NLFt+4=,oUHO09uiwr1cF1xXFtpPxVxJs9Q=
-4,14,kM83S+zKqvbUH1exeAv74NLFt+4=,oUHO09uiwr1cF1xXFtpPxVxJs9Q=
-4,13,kM83S+zKqvbUH1exeAv74NLFt+4=,oUHO09uiwr1cF1xXFtpPxVxJs9Q=
-5,13,kM83S+zKqvbUH1exeAv74NLFt+4=,jCCz/xSNNuOFI9FrnqBbXoS+GlY=
-1,10,kM83S+zKqvbUH1exeAv74NLFt+4=,142sdYxSUTNwcsi2q7o5IElMGMY=
-1,9,kM83S+zKqvbUH1exeAv74NLFt+4=,5hiBbYN0ZIxBJ9EqY2F2wVVx/B4=
-5,14,kM83S+zKqvbUH1exeAv74NLFt+4=,oUHO09uiwr1cF1xXFtpPxVxJs9Q=
-1,8,kM83S+zKqvbUH1exeAv74NLFt+4=,5hiBbYN0ZIxBJ9EqY2F2wVVx/B4=
-1,7,kM83S+zKqvbUH1exeAv74NLFt+4=,lKQNj0VQIA1qG3h9oTzZUqZ52I4=
-1,5,kM83S+zKqvbUH1exeAv74NLFt+4=,lKQNj0VQIA1qG3h9oTzZUqZ52I4=
-1,4,kM83S+zKqvbUH1exeAv74NLFt+4=,lKQNj0VQIA1qG3h9oTzZUqZ52I4=
-1,3,kM83S+zKqvbUH1exeAv74NLFt+4=,lKQNj0VQIA1qG3h9oTzZUqZ52I4=
-1,2,kM83S+zKqvbUH1exeAv74NLFt+4=,lKQNj0VQIA1qG3h9oTzZUqZ52I4=
-2,15,kM83S+zKqvbUH1exeAv74NLFt+4=,142sdYxSUTNwcsi2q7o5IElMGMY=
-1,15,kM83S+zKqvbUH1exeAv74NLFt+4=,142sdYxSUTNwcsi2q7o5IElMGMY=
-3,15,kM83S+zKqvbUH1exeAv74NLFt+4=,oUHO09uiwr1cF1xXFtpPxVxJs9Q=
-1,6,kM83S+zKqvbUH1exeAv74NLFt+4=,lKQNj0VQIA1qG3h9oTzZUqZ52I4=
-2,0,kM83S+zKqvbUH1exeAv74NLFt+4=,lKQNj0VQIA1qG3h9oTzZUqZ52I4=
-1,1,kM83S+zKqvbUH1exeAv74NLFt+4=,lKQNj0VQIA1qG3h9oTzZUqZ52I4=
-3,0,kM83S+zKqvbUH1exeAv74NLFt+4=,lKQNj0VQIA1qG3h9oTzZUqZ52I4=
-4,0,kM83S+zKqvbUH1exeAv74NLFt+4=,lKQNj0VQIA1qG3h9oTzZUqZ52I4=
-5,0,kM83S+zKqvbUH1exeAv74NLFt+4=,tBikTXjIsi/iIL+j31DtFv/tcjc=
-1,13,kM83S+zKqvbUH1exeAv74NLFt+4=,142sdYxSUTNwcsi2q7o5IElMGMY=
-3,12,kM83S+zKqvbUH1exeAv74NLFt+4=,oUHO09uiwr1cF1xXFtpPxVxJs9Q=
-1,11,kM83S+zKqvbUH1exeAv74NLFt+4=,142sdYxSUTNwcsi2q7o5IElMGMY=
-2,13,kM83S+zKqvbUH1exeAv74NLFt+4=,142sdYxSUTNwcsi2q7o5IElMGMY=
-1,14,kM83S+zKqvbUH1exeAv74NLFt+4=,142sdYxSUTNwcsi2q7o5IElMGMY=
-3,11,kM83S+zKqvbUH1exeAv74NLFt+4=,oUHO09uiwr1cF1xXFtpPxVxJs9Q=
-2,14,kM83S+zKqvbUH1exeAv74NLFt+4=,142sdYxSUTNwcsi2q7o5IElMGMY=
-2,11,kM83S+zKqvbUH1exeAv74NLFt+4=,142sdYxSUTNwcsi2q7o5IElMGMY=
-3,14,kM83S+zKqvbUH1exeAv74NLFt+4=,oUHO09uiwr1cF1xXFtpPxVxJs9Q=
-3,13,kM83S+zKqvbUH1exeAv74NLFt+4=,oUHO09uiwr1cF1xXFtpPxVxJs9Q=
-2,12,kM83S+zKqvbUH1exeAv74NLFt+4=,142sdYxSUTNwcsi2q7o5IElMGMY=
-1,12,kM83S+zKqvbUH1exeAv74NLFt+4=,142sdYxSUTNwcsi2q7o5IElMGMY=
-7,2,kM83S+zKqvbUH1exeAv74NLFt+4=,qvIw3LYRy6+L+xx/sQMC8ehUOQo=
-7,1,kM83S+zKqvbUH1exeAv74NLFt+4=,qvIw3LYRy6+L+xx/sQMC8ehUOQo=
-6,1,kM83S+zKqvbUH1exeAv74NLFt+4=,tBikTXjIsi/iIL+j31DtFv/tcjc=
-6,2,kM83S+zKqvbUH1exeAv74NLFt+4=,tBikTXjIsi/iIL+j31DtFv/tcjc=
-6,3,kM83S+zKqvbUH1exeAv74NLFt+4=,tBikTXjIsi/iIL+j31DtFv/tcjc=
-7,3,kM83S+zKqvbUH1exeAv74NLFt+4=,qvIw3LYRy6+L+xx/sQMC8ehUOQo=
-7,4,kM83S+zKqvbUH1exeAv74NLFt+4=,qvIw3LYRy6+L+xx/sQMC8ehUOQo=
-6,4,kM83S+zKqvbUH1exeAv74NLFt+4=,tBikTXjIsi/iIL+j31DtFv/tcjc=
-8,2,kM83S+zKqvbUH1exeAv74NLFt+4=,qvIw3LYRy6+L+xx/sQMC8ehUOQo=
-9,1,kM83S+zKqvbUH1exeAv74NLFt+4=,1mTIPT3bLOQZuBzYGJcIgktLcHg=
-8,1,kM83S+zKqvbUH1exeAv74NLFt+4=,qvIw3LYRy6+L+xx/sQMC8ehUOQo=
-9,2,kM83S+zKqvbUH1exeAv74NLFt+4=,1mTIPT3bLOQZuBzYGJcIgktLcHg=
-10,2,kM83S+zKqvbUH1exeAv74NLFt+4=,1mTIPT3bLOQZuBzYGJcIgktLcHg=
-13,2,kM83S+zKqvbUH1exeAv74NLFt+4=,lIYeR3eSQdSdMt6NtrlMiSe2CNs=
-10,1,kM83S+zKqvbUH1exeAv74NLFt+4=,1mTIPT3bLOQZuBzYGJcIgktLcHg=
-11,2,kM83S+zKqvbUH1exeAv74NLFt+4=,lIYeR3eSQdSdMt6NtrlMiSe2CNs=
-11,1,kM83S+zKqvbUH1exeAv74NLFt+4=,lIYeR3eSQdSdMt6NtrlMiSe2CNs=
-12,1,kM83S+zKqvbUH1exeAv74NLFt+4=,lIYeR3eSQdSdMt6NtrlMiSe2CNs=
-13,1,kM83S+zKqvbUH1exeAv74NLFt+4=,+cF9Cvfi16EC/usmcuHoyxxaNsU=
-12,2,kM83S+zKqvbUH1exeAv74NLFt+4=,lIYeR3eSQdSdMt6NtrlMiSe2CNs=
-13,3,kM83S+zKqvbUH1exeAv74NLFt+4=,lIYeR3eSQdSdMt6NtrlMiSe2CNs=
-13,4,kM83S+zKqvbUH1exeAv74NLFt+4=,lIYeR3eSQdSdMt6NtrlMiSe2CNs=
-12,3,kM83S+zKqvbUH1exeAv74NLFt+4=,lIYeR3eSQdSdMt6NtrlMiSe2CNs=
-12,4,kM83S+zKqvbUH1exeAv74NLFt+4=,lIYeR3eSQdSdMt6NtrlMiSe2CNs=
-12,5,HiB+7YT49UeC1K5YWaF3Pgy/pvw=,lIYeR3eSQdSdMt6NtrlMiSe2CNs=
-13,6,HiB+7YT49UeC1K5YWaF3Pgy/pvw=,lIYeR3eSQdSdMt6NtrlMiSe2CNs=
-13,5,HiB+7YT49UeC1K5YWaF3Pgy/pvw=,lIYeR3eSQdSdMt6NtrlMiSe2CNs=
-12,6,HiB+7YT49UeC1K5YWaF3Pgy/pvw=,lIYeR3eSQdSdMt6NtrlMiSe2CNs=
-11,7,HiB+7YT49UeC1K5YWaF3Pgy/pvw=,lIYeR3eSQdSdMt6NtrlMiSe2CNs=
-10,8,HiB+7YT49UeC1K5YWaF3Pgy/pvw=,qvIw3LYRy6+L+xx/sQMC8ehUOQo=
-8,7,HiB+7YT49UeC1K5YWaF3Pgy/pvw=,qvIw3LYRy6+L+xx/sQMC8ehUOQo=
-10,7,HiB+7YT49UeC1K5YWaF3Pgy/pvw=,1mTIPT3bLOQZuBzYGJcIgktLcHg=
-8,8,HiB+7YT49UeC1K5YWaF3Pgy/pvw=,qvIw3LYRy6+L+xx/sQMC8ehUOQo=
-10,10,HiB+7YT49UeC1K5YWaF3Pgy/pvw=,qvIw3LYRy6+L+xx/sQMC8ehUOQo=
-11,10,HiB+7YT49UeC1K5YWaF3Pgy/pvw=,CXQe2EvA6qOmeocd/1qvqQ83Iy4=
-11,9,HiB+7YT49UeC1K5YWaF3Pgy/pvw=,lIYeR3eSQdSdMt6NtrlMiSe2CNs=
-10,9,HiB+7YT49UeC1K5YWaF3Pgy/pvw=,qvIw3LYRy6+L+xx/sQMC8ehUOQo=
-11,8,HiB+7YT49UeC1K5YWaF3Pgy/pvw=,lIYeR3eSQdSdMt6NtrlMiSe2CNs=
-9,7,HiB+7YT49UeC1K5YWaF3Pgy/pvw=,1mTIPT3bLOQZuBzYGJcIgktLcHg=
-9,5,HiB+7YT49UeC1K5YWaF3Pgy/pvw=,1mTIPT3bLOQZuBzYGJcIgktLcHg=
-9,8,HiB+7YT49UeC1K5YWaF3Pgy/pvw=,qvIw3LYRy6+L+xx/sQMC8ehUOQo=
-10,4,HiB+7YT49UeC1K5YWaF3Pgy/pvw=,1mTIPT3bLOQZuBzYGJcIgktLcHg=
-9,4,HiB+7YT49UeC1K5YWaF3Pgy/pvw=,1mTIPT3bLOQZuBzYGJcIgktLcHg=
-8,5,HiB+7YT49UeC1K5YWaF3Pgy/pvw=,qvIw3LYRy6+L+xx/sQMC8ehUOQo=
-10,5,HiB+7YT49UeC1K5YWaF3Pgy/pvw=,1mTIPT3bLOQZuBzYGJcIgktLcHg=
-10,6,HiB+7YT49UeC1K5YWaF3Pgy/pvw=,1mTIPT3bLOQZuBzYGJcIgktLcHg=
-11,5,HiB+7YT49UeC1K5YWaF3Pgy/pvw=,lIYeR3eSQdSdMt6NtrlMiSe2CNs=
-8,6,HiB+7YT49UeC1K5YWaF3Pgy/pvw=,qvIw3LYRy6+L+xx/sQMC8ehUOQo=
-10,3,HiB+7YT49UeC1K5YWaF3Pgy/pvw=,1mTIPT3bLOQZuBzYGJcIgktLcHg=
-8,3,HiB+7YT49UeC1K5YWaF3Pgy/pvw=,qvIw3LYRy6+L+xx/sQMC8ehUOQo=
-10,11,HiB+7YT49UeC1K5YWaF3Pgy/pvw=,qvIw3LYRy6+L+xx/sQMC8ehUOQo=
-11,4,HiB+7YT49UeC1K5YWaF3Pgy/pvw=,lIYeR3eSQdSdMt6NtrlMiSe2CNs=
-11,12,HiB+7YT49UeC1K5YWaF3Pgy/pvw=,qvIw3LYRy6+L+xx/sQMC8ehUOQo=
-9,6,HiB+7YT49UeC1K5YWaF3Pgy/pvw=,1mTIPT3bLOQZuBzYGJcIgktLcHg=
-10,12,HiB+7YT49UeC1K5YWaF3Pgy/pvw=,qvIw3LYRy6+L+xx/sQMC8ehUOQo=
-11,6,HiB+7YT49UeC1K5YWaF3Pgy/pvw=,lIYeR3eSQdSdMt6NtrlMiSe2CNs=
-11,11,HiB+7YT49UeC1K5YWaF3Pgy/pvw=,CXQe2EvA6qOmeocd/1qvqQ83Iy4=
-8,4,HiB+7YT49UeC1K5YWaF3Pgy/pvw=,qvIw3LYRy6+L+xx/sQMC8ehUOQo=
-11,3,HiB+7YT49UeC1K5YWaF3Pgy/pvw=,lIYeR3eSQdSdMt6NtrlMiSe2CNs=
-9,3,HiB+7YT49UeC1K5YWaF3Pgy/pvw=,1mTIPT3bLOQZuBzYGJcIgktLcHg=
-10,14,HiB+7YT49UeC1K5YWaF3Pgy/pvw=,qvIw3LYRy6+L+xx/sQMC8ehUOQo=
-11,14,HiB+7YT49UeC1K5YWaF3Pgy/pvw=,FX/O6mfycIPkA7p6zkmYVg03JYU=
-11,13,HiB+7YT49UeC1K5YWaF3Pgy/pvw=,qvIw3LYRy6+L+xx/sQMC8ehUOQo=
-10,13,HiB+7YT49UeC1K5YWaF3Pgy/pvw=,qvIw3LYRy6+L+xx/sQMC8ehUOQo=
-13,14,HiB+7YT49UeC1K5YWaF3Pgy/pvw=,FX/O6mfycIPkA7p6zkmYVg03JYU=
-12,14,HiB+7YT49UeC1K5YWaF3Pgy/pvw=,FX/O6mfycIPkA7p6zkmYVg03JYU=
-13,13,HiB+7YT49UeC1K5YWaF3Pgy/pvw=,FX/O6mfycIPkA7p6zkmYVg03JYU=
-12,13,HiB+7YT49UeC1K5YWaF3Pgy/pvw=,qvIw3LYRy6+L+xx/sQMC8ehUOQo=
-15,14,HiB+7YT49UeC1K5YWaF3Pgy/pvw=,+VZKO0Um/aHbn2xVhZpMC8bQzuE=
-14,14,HiB+7YT49UeC1K5YWaF3Pgy/pvw=,FX/O6mfycIPkA7p6zkmYVg03JYU=
-14,13,HiB+7YT49UeC1K5YWaF3Pgy/pvw=,FX/O6mfycIPkA7p6zkmYVg03JYU=
-15,13,HiB+7YT49UeC1K5YWaF3Pgy/pvw=,+VZKO0Um/aHbn2xVhZpMC8bQzuE=
-13,8,HiB+7YT49UeC1K5YWaF3Pgy/pvw=,+VZKO0Um/aHbn2xVhZpMC8bQzuE=
-13,7,HiB+7YT49UeC1K5YWaF3Pgy/pvw=,lIYeR3eSQdSdMt6NtrlMiSe2CNs=
-12,8,HiB+7YT49UeC1K5YWaF3Pgy/pvw=,lIYeR3eSQdSdMt6NtrlMiSe2CNs=
-12,7,HiB+7YT49UeC1K5YWaF3Pgy/pvw=,lIYeR3eSQdSdMt6NtrlMiSe2CNs=
-16,14,HiB+7YT49UeC1K5YWaF3Pgy/pvw=,+VZKO0Um/aHbn2xVhZpMC8bQzuE=
-16,12,HiB+7YT49UeC1K5YWaF3Pgy/pvw=,+VZKO0Um/aHbn2xVhZpMC8bQzuE=
-16,11,HiB+7YT49UeC1K5YWaF3Pgy/pvw=,+VZKO0Um/aHbn2xVhZpMC8bQzuE=
-14,15,HiB+7YT49UeC1K5YWaF3Pgy/pvw=,FX/O6mfycIPkA7p6zkmYVg03JYU=
-13,15,HiB+7YT49UeC1K5YWaF3Pgy/pvw=,FX/O6mfycIPkA7p6zkmYVg03JYU=
-12,15,HiB+7YT49UeC1K5YWaF3Pgy/pvw=,FX/O6mfycIPkA7p6zkmYVg03JYU=
-15,15,HiB+7YT49UeC1K5YWaF3Pgy/pvw=,+VZKO0Um/aHbn2xVhZpMC8bQzuE=
-16,13,HiB+7YT49UeC1K5YWaF3Pgy/pvw=,+VZKO0Um/aHbn2xVhZpMC8bQzuE=
-10,15,HiB+7YT49UeC1K5YWaF3Pgy/pvw=,qvIw3LYRy6+L+xx/sQMC8ehUOQo=
-11,15,HiB+7YT49UeC1K5YWaF3Pgy/pvw=,FX/O6mfycIPkA7p6zkmYVg03JYU=
-8,15,HiB+7YT49UeC1K5YWaF3Pgy/pvw=,qvIw3LYRy6+L+xx/sQMC8ehUOQo=
-9,15,HiB+7YT49UeC1K5YWaF3Pgy/pvw=,qvIw3LYRy6+L+xx/sQMC8ehUOQo=
-13,9,HiB+7YT49UeC1K5YWaF3Pgy/pvw=,+VZKO0Um/aHbn2xVhZpMC8bQzuE=
-6,15,HiB+7YT49UeC1K5YWaF3Pgy/pvw=,oUHO09uiwr1cF1xXFtpPxVxJs9Q=
-12,9,HiB+7YT49UeC1K5YWaF3Pgy/pvw=,lIYeR3eSQdSdMt6NtrlMiSe2CNs=
-12,10,HiB+7YT49UeC1K5YWaF3Pgy/pvw=,CXQe2EvA6qOmeocd/1qvqQ83Iy4=
-5,15,HiB+7YT49UeC1K5YWaF3Pgy/pvw=,oUHO09uiwr1cF1xXFtpPxVxJs9Q=
-13,11,HiB+7YT49UeC1K5YWaF3Pgy/pvw=,+VZKO0Um/aHbn2xVhZpMC8bQzuE=
-12,0,HiB+7YT49UeC1K5YWaF3Pgy/pvw=,lIYeR3eSQdSdMt6NtrlMiSe2CNs=
-7,15,HiB+7YT49UeC1K5YWaF3Pgy/pvw=,qvIw3LYRy6+L+xx/sQMC8ehUOQo=
-4,15,HiB+7YT49UeC1K5YWaF3Pgy/pvw=,oUHO09uiwr1cF1xXFtpPxVxJs9Q=
-13,10,HiB+7YT49UeC1K5YWaF3Pgy/pvw=,+VZKO0Um/aHbn2xVhZpMC8bQzuE=
-12,11,HiB+7YT49UeC1K5YWaF3Pgy/pvw=,CXQe2EvA6qOmeocd/1qvqQ83Iy4=
-13,0,HiB+7YT49UeC1K5YWaF3Pgy/pvw=,+cF9Cvfi16EC/usmcuHoyxxaNsU=
-14,11,HiB+7YT49UeC1K5YWaF3Pgy/pvw=,+VZKO0Um/aHbn2xVhZpMC8bQzuE=
-10,0,HiB+7YT49UeC1K5YWaF3Pgy/pvw=,1mTIPT3bLOQZuBzYGJcIgktLcHg=
-12,12,HiB+7YT49UeC1K5YWaF3Pgy/pvw=,qvIw3LYRy6+L+xx/sQMC8ehUOQo=
-15,11,HiB+7YT49UeC1K5YWaF3Pgy/pvw=,+VZKO0Um/aHbn2xVhZpMC8bQzuE=
-15,12,HiB+7YT49UeC1K5YWaF3Pgy/pvw=,+VZKO0Um/aHbn2xVhZpMC8bQzuE=
-13,12,HiB+7YT49UeC1K5YWaF3Pgy/pvw=,FX/O6mfycIPkA7p6zkmYVg03JYU=
-11,0,HiB+7YT49UeC1K5YWaF3Pgy/pvw=,lIYeR3eSQdSdMt6NtrlMiSe2CNs=
-14,5,HiB+7YT49UeC1K5YWaF3Pgy/pvw=,lIYeR3eSQdSdMt6NtrlMiSe2CNs=
-14,6,HiB+7YT49UeC1K5YWaF3Pgy/pvw=,lIYeR3eSQdSdMt6NtrlMiSe2CNs=
-8,0,HiB+7YT49UeC1K5YWaF3Pgy/pvw=,qvIw3LYRy6+L+xx/sQMC8ehUOQo=
-9,0,HiB+7YT49UeC1K5YWaF3Pgy/pvw=,1mTIPT3bLOQZuBzYGJcIgktLcHg=
-14,12,HiB+7YT49UeC1K5YWaF3Pgy/pvw=,FX/O6mfycIPkA7p6zkmYVg03JYU=
-6,0,HiB+7YT49UeC1K5YWaF3Pgy/pvw=,tBikTXjIsi/iIL+j31DtFv/tcjc=
-7,0,HiB+7YT49UeC1K5YWaF3Pgy/pvw=,qvIw3LYRy6+L+xx/sQMC8ehUOQo=
-16,8,HiB+7YT49UeC1K5YWaF3Pgy/pvw=,+VZKO0Um/aHbn2xVhZpMC8bQzuE=
-15,8,HiB+7YT49UeC1K5YWaF3Pgy/pvw=,+VZKO0Um/aHbn2xVhZpMC8bQzuE=
-14,8,HiB+7YT49UeC1K5YWaF3Pgy/pvw=,+VZKO0Um/aHbn2xVhZpMC8bQzuE=
-16,9,HiB+7YT49UeC1K5YWaF3Pgy/pvw=,+VZKO0Um/aHbn2xVhZpMC8bQzuE=
-16,15,HiB+7YT49UeC1K5YWaF3Pgy/pvw=,+VZKO0Um/aHbn2xVhZpMC8bQzuE=
-14,9,HiB+7YT49UeC1K5YWaF3Pgy/pvw=,+VZKO0Um/aHbn2xVhZpMC8bQzuE=
-14,7,HiB+7YT49UeC1K5YWaF3Pgy/pvw=,lIYeR3eSQdSdMt6NtrlMiSe2CNs=
-14,10,HiB+7YT49UeC1K5YWaF3Pgy/pvw=,+VZKO0Um/aHbn2xVhZpMC8bQzuE=
-15,10,HiB+7YT49UeC1K5YWaF3Pgy/pvw=,+VZKO0Um/aHbn2xVhZpMC8bQzuE=
-15,9,HiB+7YT49UeC1K5YWaF3Pgy/pvw=,+VZKO0Um/aHbn2xVhZpMC8bQzuE=
-16,3,HiB+7YT49UeC1K5YWaF3Pgy/pvw=,+cF9Cvfi16EC/usmcuHoyxxaNsU=
-15,3,HiB+7YT49UeC1K5YWaF3Pgy/pvw=,+cF9Cvfi16EC/usmcuHoyxxaNsU=
-16,10,HiB+7YT49UeC1K5YWaF3Pgy/pvw=,+VZKO0Um/aHbn2xVhZpMC8bQzuE=
-14,3,HiB+7YT49UeC1K5YWaF3Pgy/pvw=,lIYeR3eSQdSdMt6NtrlMiSe2CNs=
-14,4,HiB+7YT49UeC1K5YWaF3Pgy/pvw=,lIYeR3eSQdSdMt6NtrlMiSe2CNs=
-1,0,HiB+7YT49UeC1K5YWaF3Pgy/pvw=,lKQNj0VQIA1qG3h9oTzZUqZ52I4=
-15,2,HiB+7YT49UeC1K5YWaF3Pgy/pvw=,+cF9Cvfi16EC/usmcuHoyxxaNsU=
-14,2,HiB+7YT49UeC1K5YWaF3Pgy/pvw=,lIYeR3eSQdSdMt6NtrlMiSe2CNs=
-16,2,HiB+7YT49UeC1K5YWaF3Pgy/pvw=,+cF9Cvfi16EC/usmcuHoyxxaNsU=
-14,0,HiB+7YT49UeC1K5YWaF3Pgy/pvw=,+cF9Cvfi16EC/usmcuHoyxxaNsU=
-15,0,HiB+7YT49UeC1K5YWaF3Pgy/pvw=,+cF9Cvfi16EC/usmcuHoyxxaNsU=
-16,1,HiB+7YT49UeC1K5YWaF3Pgy/pvw=,+cF9Cvfi16EC/usmcuHoyxxaNsU=
-14,1,HiB+7YT49UeC1K5YWaF3Pgy/pvw=,+cF9Cvfi16EC/usmcuHoyxxaNsU=
-15,1,HiB+7YT49UeC1K5YWaF3Pgy/pvw=,+cF9Cvfi16EC/usmcuHoyxxaNsU=
-16,0,HiB+7YT49UeC1K5YWaF3Pgy/pvw=,+cF9Cvfi16EC/usmcuHoyxxaNsU=
