-8,-9,9qpaRLOXK2sfYGf3QPoZ9EfATtg=,tBikTXjIsi/iIL+j31DtFv/tcjc=
-9,-9,9qpaRLOXK2sfYGf3QPoZ9EfATtg=,tBikTXjIsi/iIL+j31DtFv/tcjc=
-8,-8,9qpaRLOXK2sfYGf3QPoZ9EfATtg=,tBikTXjIsi/iIL+j31DtFv/tcjc=
-9,-8,9qpaRLOXK2sfYGf3QPoZ9EfATtg=,tBikTXjIsi/iIL+j31DtFv/tcjc=
-10,-9,9qpaRLOXK2sfYGf3QPoZ9EfATtg=,tBikTXjIsi/iIL+j31DtFv/tcjc=
-10,-8,9qpaRLOXK2sfYGf3QPoZ9EfATtg=,tBikTXjIsi/iIL+j31DtFv/tcjc=
-11,-8,9qpaRLOXK2sfYGf3QPoZ9EfATtg=,pTTf01Ys4IfKSAsZcZC8tf6ScZk=
-11,-9,9qpaRLOXK2sfYGf3QPoZ9EfATtg=,jhAWS877LWEaN/XGq+Q2Nn2hpAg=
-10,-10,9qpaRLOXK2sfYGf3QPoZ9EfATtg=,tBikTXjIsi/iIL+j31DtFv/tcjc=
-11,-10,9qpaRLOXK2sfYGf3QPoZ9EfATtg=,jhAWS877LWEaN/XGq+Q2Nn2hpAg=
-11,-11,9qpaRLOXK2sfYGf3QPoZ9EfATtg=,ibocklDXXNopG3ASjP+LT0IW1rw=
-10,-11,9qpaRLOXK2sfYGf3QPoZ9EfATtg=,tBikTXjIsi/iIL+j31DtFv/tcjc=
-12,-10,9qpaRLOXK2sfYGf3QPoZ9EfATtg=,jhAWS877LWEaN/XGq+Q2Nn2hpAg=
-13,-11,9qpaRLOXK2sfYGf3QPoZ9EfATtg=,ibocklDXXNopG3ASjP+LT0IW1rw=
-12,-11,9qpaRLOXK2sfYGf3QPoZ9EfATtg=,ibocklDXXNopG3ASjP+LT0IW1rw=
-13,-8,9qpaRLOXK2sfYGf3QPoZ9EfATtg=,ibocklDXXNopG3ASjP+LT0IW1rw=
-13,-10,9qpaRLOXK2sfYGf3QPoZ9EfATtg=,ibocklDXXNopG3ASjP+LT0IW1rw=
-12,-8,9qpaRLOXK2sfYGf3QPoZ9EfATtg=,pTTf01Ys4IfKSAsZcZC8tf6ScZk=
-12,-9,9qpaRLOXK2sfYGf3QPoZ9EfATtg=,jhAWS877LWEaN/XGq+Q2Nn2hpAg=
-13,-9,9qpaRLOXK2sfYGf3QPoZ9EfATtg=,ibocklDXXNopG3ASjP+LT0IW1rw=
-15,-10,9qpaRLOXK2sfYGf3QPoZ9EfATtg=,ibocklDXXNopG3ASjP+LT0IW1rw=
-14,-11,9qpaRLOXK2sfYGf3QPoZ9EfATtg=,ibocklDXXNopG3ASjP+LT0IW1rw=
-15,-11,9qpaRLOXK2sfYGf3QPoZ9EfATtg=,+cF9Cvfi16EC/usmcuHoyxxaNsU=
-14,-10,9qpaRLOXK2sfYGf3QPoZ9EfATtg=,ibocklDXXNopG3ASjP+LT0IW1rw=
-15,-8,9qpaRLOXK2sfYGf3QPoZ9EfATtg=,ibocklDXXNopG3ASjP+LT0IW1rw=
-15,-9,9qpaRLOXK2sfYGf3QPoZ9EfATtg=,ibocklDXXNopG3ASjP+LT0IW1rw=
-15,-12,9qpaRLOXK2sfYGf3QPoZ9EfATtg=,+cF9Cvfi16EC/usmcuHoyxxaNsU=
-15,-13,9qpaRLOXK2sfYGf3QPoZ9EfATtg=,+cF9Cvfi16EC/usmcuHoyxxaNsU=
-14,-9,9qpaRLOXK2sfYGf3QPoZ9EfATtg=,ibocklDXXNopG3ASjP+LT0IW1rw=
-14,-8,9qpaRLOXK2sfYGf3QPoZ9EfATtg=,ibocklDXXNopG3ASjP+LT0IW1rw=
-14,-12,9qpaRLOXK2sfYGf3QPoZ9EfATtg=,ibocklDXXNopG3ASjP+LT0IW1rw=
-14,-13,9qpaRLOXK2sfYGf3QPoZ9EfATtg=,JpcNPudI+Xqy5znMN+T+/O/QkX0=
-12,-12,9qpaRLOXK2sfYGf3QPoZ9EfATtg=,ibocklDXXNopG3ASjP+LT0IW1rw=
-13,-13,9qpaRLOXK2sfYGf3QPoZ9EfATtg=,JpcNPudI+Xqy5znMN+T+/O/QkX0=
-12,-13,9qpaRLOXK2sfYGf3QPoZ9EfATtg=,1mTIPT3bLOQZuBzYGJcIgktLcHg=
-13,-12,9qpaRLOXK2sfYGf3QPoZ9EfATtg=,ibocklDXXNopG3ASjP+LT0IW1rw=
-12,-15,9qpaRLOXK2sfYGf3QPoZ9EfATtg=,1mTIPT3bLOQZuBzYGJcIgktLcHg=
-13,-15,9qpaRLOXK2sfYGf3QPoZ9EfATtg=,JpcNPudI+Xqy5znMN+T+/O/QkX0=
-12,-14,9qpaRLOXK2sfYGf3QPoZ9EfATtg=,1mTIPT3bLOQZuBzYGJcIgktLcHg=
-13,-14,9qpaRLOXK2sfYGf3QPoZ9EfATtg=,JpcNPudI+Xqy5znMN+T+/O/QkX0=
-10,-12,9qpaRLOXK2sfYGf3QPoZ9EfATtg=,tBikTXjIsi/iIL+j31DtFv/tcjc=
-10,-13,9qpaRLOXK2sfYGf3QPoZ9EfATtg=,pTTf01Ys4IfKSAsZcZC8tf6ScZk=
-11,-13,9qpaRLOXK2sfYGf3QPoZ9EfATtg=,1mTIPT3bLOQZuBzYGJcIgktLcHg=
-11,-12,9qpaRLOXK2sfYGf3QPoZ9EfATtg=,ibocklDXXNopG3ASjP+LT0IW1rw=
-10,-14,9qpaRLOXK2sfYGf3QPoZ9EfATtg=,pTTf01Ys4IfKSAsZcZC8tf6ScZk=
-10,-15,9qpaRLOXK2sfYGf3QPoZ9EfATtg=,1mTIPT3bLOQZuBzYGJcIgktLcHg=
-11,-14,9qpaRLOXK2sfYGf3QPoZ9EfATtg=,1mTIPT3bLOQZuBzYGJcIgktLcHg=
-11,-15,9qpaRLOXK2sfYGf3QPoZ9EfATtg=,1mTIPT3bLOQZuBzYGJcIgktLcHg=
-8,-14,9qpaRLOXK2sfYGf3QPoZ9EfATtg=,tBikTXjIsi/iIL+j31DtFv/tcjc=
-9,-14,9qpaRLOXK2sfYGf3QPoZ9EfATtg=,pTTf01Ys4IfKSAsZcZC8tf6ScZk=
-9,-15,OQrQZZjALNf3AYRQraaTTBkh0xU=,1mTIPT3bLOQZuBzYGJcIgktLcHg=
-8,-15,OQrQZZjALNf3AYRQraaTTBkh0xU=,hYZON+v//ctqF2dVLLZyHcXyfG8=
-7,-15,OQrQZZjALNf3AYRQraaTTBkh0xU=,hYZON+v//ctqF2dVLLZyHcXyfG8=
-6,-15,OQrQZZjALNf3AYRQraaTTBkh0xU=,oXwuj/79VZVmaPbYPsK1NFFVCFA=
-6,-14,OQrQZZjALNf3AYRQraaTTBkh0xU=,tBikTXjIsi/iIL+j31DtFv/tcjc=
-7,-14,OQrQZZjALNf3AYRQraaTTBkh0xU=,tBikTXjIsi/iIL+j31DtFv/tcjc=
-5,-14,OQrQZZjALNf3AYRQraaTTBkh0xU=,tBikTXjIsi/iIL+j31DtFv/tcjc=
-5,-15,OQrQZZjALNf3AYRQraaTTBkh0xU=,oXwuj/79VZVmaPbYPsK1NFFVCFA=
-4,-14,OQrQZZjALNf3AYRQraaTTBkh0xU=,QHKdIuFXxaO+1F24x5+EyJrMHm8=
-4,-15,OQrQZZjALNf3AYRQraaTTBkh0xU=,QHKdIuFXxaO+1F24x5+EyJrMHm8=
-2,-15,OQrQZZjALNf3AYRQraaTTBkh0xU=,MC5b8nnnTOXn909MztRM/elfVjQ=
-3,-14,OQrQZZjALNf3AYRQraaTTBkh0xU=,QHKdIuFXxaO+1F24x5+EyJrMHm8=
-3,-15,OQrQZZjALNf3AYRQraaTTBkh0xU=,QHKdIuFXxaO+1F24x5+EyJrMHm8=
-2,-14,OQrQZZjALNf3AYRQraaTTBkh0xU=,7+kPQCJ+hkSLGLjA/piGQ8tokGI=
-3,-12,OQrQZZjALNf3AYRQraaTTBkh0xU=,cGBZpqfftVHcs+fW8q7HEum2b7g=
-2,-13,OQrQZZjALNf3AYRQraaTTBkh0xU=,7+kPQCJ+hkSLGLjA/piGQ8tokGI=
-2,-12,OQrQZZjALNf3AYRQraaTTBkh0xU=,JhcQyUW32q8O3qNxfBYdR5dztYQ=
-3,-13,OQrQZZjALNf3AYRQraaTTBkh0xU=,QHKdIuFXxaO+1F24x5+EyJrMHm8=
-3,-10,OQrQZZjALNf3AYRQraaTTBkh0xU=,lKQNj0VQIA1qG3h9oTzZUqZ52I4=
-3,-11,OQrQZZjALNf3AYRQraaTTBkh0xU=,cGBZpqfftVHcs+fW8q7HEum2b7g=
-2,-11,OQrQZZjALNf3AYRQraaTTBkh0xU=,JhcQyUW32q8O3qNxfBYdR5dztYQ=
-2,-10,OQrQZZjALNf3AYRQraaTTBkh0xU=,lKQNj0VQIA1qG3h9oTzZUqZ52I4=
-3,-8,OQrQZZjALNf3AYRQraaTTBkh0xU=,lKQNj0VQIA1qG3h9oTzZUqZ52I4=
-3,-9,OQrQZZjALNf3AYRQraaTTBkh0xU=,lKQNj0VQIA1qG3h9oTzZUqZ52I4=
-2,-8,OQrQZZjALNf3AYRQraaTTBkh0xU=,lKQNj0VQIA1qG3h9oTzZUqZ52I4=
-2,-9,OQrQZZjALNf3AYRQraaTTBkh0xU=,lKQNj0VQIA1qG3h9oTzZUqZ52I4=
-2,-7,OQrQZZjALNf3AYRQraaTTBkh0xU=,lKQNj0VQIA1qG3h9oTzZUqZ52I4=
-2,-6,OQrQZZjALNf3AYRQraaTTBkh0xU=,lKQNj0VQIA1qG3h9oTzZUqZ52I4=
-3,-7,OQrQZZjALNf3AYRQraaTTBkh0xU=,lKQNj0VQIA1qG3h9oTzZUqZ52I4=
-3,-6,OQrQZZjALNf3AYRQraaTTBkh0xU=,lKQNj0VQIA1qG3h9oTzZUqZ52I4=
-5,-4,OQrQZZjALNf3AYRQraaTTBkh0xU=,lKQNj0VQIA1qG3h9oTzZUqZ52I4=
-4,-5,OQrQZZjALNf3AYRQraaTTBkh0xU=,lKQNj0VQIA1qG3h9oTzZUqZ52I4=
-4,-4,OQrQZZjALNf3AYRQraaTTBkh0xU=,lKQNj0VQIA1qG3h9oTzZUqZ52I4=
-5,-5,OQrQZZjALNf3AYRQraaTTBkh0xU=,tBikTXjIsi/iIL+j31DtFv/tcjc=
-3,-4,OQrQZZjALNf3AYRQraaTTBkh0xU=,lKQNj0VQIA1qG3h9oTzZUqZ52I4=
-2,-4,OQrQZZjALNf3AYRQraaTTBkh0xU=,i83OXMEUnXTo9OgYHMqa8Mdgag8=
-2,-5,OQrQZZjALNf3AYRQraaTTBkh0xU=,lKQNj0VQIA1qG3h9oTzZUqZ52I4=
-4,-3,OQrQZZjALNf3AYRQraaTTBkh0xU=,lKQNj0VQIA1qG3h9oTzZUqZ52I4=
-3,-5,OQrQZZjALNf3AYRQraaTTBkh0xU=,lKQNj0VQIA1qG3h9oTzZUqZ52I4=
-5,-3,OQrQZZjALNf3AYRQraaTTBkh0xU=,lKQNj0VQIA1qG3h9oTzZUqZ52I4=
-4,-2,OQrQZZjALNf3AYRQraaTTBkh0xU=,lKQNj0VQIA1qG3h9oTzZUqZ52I4=
-5,-2,OQrQZZjALNf3AYRQraaTTBkh0xU=,lKQNj0VQIA1qG3h9oTzZUqZ52I4=
-2,-2,OQrQZZjALNf3AYRQraaTTBkh0xU=,i83OXMEUnXTo9OgYHMqa8Mdgag8=
-2,-3,eO0EMsD3WjRJ0dd3bRlE0HrrTbI=,i83OXMEUnXTo9OgYHMqa8Mdgag8=
-3,-2,eO0EMsD3WjRJ0dd3bRlE0HrrTbI=,lKQNj0VQIA1qG3h9oTzZUqZ52I4=
-3,-3,eO0EMsD3WjRJ0dd3bRlE0HrrTbI=,lKQNj0VQIA1qG3h9oTzZUqZ52I4=
-6,-2,eO0EMsD3WjRJ0dd3bRlE0HrrTbI=,lKQNj0VQIA1qG3h9oTzZUqZ52I4=
-7,-2,eO0EMsD3WjRJ0dd3bRlE0HrrTbI=,tBikTXjIsi/iIL+j31DtFv/tcjc=
-7,-3,eO0EMsD3WjRJ0dd3bRlE0HrrTbI=,tBikTXjIsi/iIL+j31DtFv/tcjc=
-6,-3,eO0EMsD3WjRJ0dd3bRlE0HrrTbI=,lKQNj0VQIA1qG3h9oTzZUqZ52I4=
-8,-2,eO0EMsD3WjRJ0dd3bRlE0HrrTbI=,tBikTXjIsi/iIL+j31DtFv/tcjc=
-9,-2,eO0EMsD3WjRJ0dd3bRlE0HrrTbI=,zff+fCihFcmHh4jnGR6epshbFkE=
-9,-3,eO0EMsD3WjRJ0dd3bRlE0HrrTbI=,tBikTXjIsi/iIL+j31DtFv/tcjc=
-8,-3,eO0EMsD3WjRJ0dd3bRlE0HrrTbI=,tBikTXjIsi/iIL+j31DtFv/tcjc=
-8,-4,eO0EMsD3WjRJ0dd3bRlE0HrrTbI=,tBikTXjIsi/iIL+j31DtFv/tcjc=
-7,-4,eO0EMsD3WjRJ0dd3bRlE0HrrTbI=,tBikTXjIsi/iIL+j31DtFv/tcjc=
-7,-5,eO0EMsD3WjRJ0dd3bRlE0HrrTbI=,tBikTXjIsi/iIL+j31DtFv/tcjc=
-9,-4,eO0EMsD3WjRJ0dd3bRlE0HrrTbI=,tBikTXjIsi/iIL+j31DtFv/tcjc=
-6,-5,eO0EMsD3WjRJ0dd3bRlE0HrrTbI=,tBikTXjIsi/iIL+j31DtFv/tcjc=
-9,-7,eO0EMsD3WjRJ0dd3bRlE0HrrTbI=,tBikTXjIsi/iIL+j31DtFv/tcjc=
-8,-5,eO0EMsD3WjRJ0dd3bRlE0HrrTbI=,tBikTXjIsi/iIL+j31DtFv/tcjc=
-9,-5,eO0EMsD3WjRJ0dd3bRlE0HrrTbI=,tBikTXjIsi/iIL+j31DtFv/tcjc=
-6,-4,eO0EMsD3WjRJ0dd3bRlE0HrrTbI=,lKQNj0VQIA1qG3h9oTzZUqZ52I4=
-8,-6,eO0EMsD3WjRJ0dd3bRlE0HrrTbI=,tBikTXjIsi/iIL+j31DtFv/tcjc=
-10,-6,eO0EMsD3WjRJ0dd3bRlE0HrrTbI=,tBikTXjIsi/iIL+j31DtFv/tcjc=
-9,-6,eO0EMsD3WjRJ0dd3bRlE0HrrTbI=,tBikTXjIsi/iIL+j31DtFv/tcjc=
-10,-7,eO0EMsD3WjRJ0dd3bRlE0HrrTbI=,tBikTXjIsi/iIL+j31DtFv/tcjc=
-8,-7,eO0EMsD3WjRJ0dd3bRlE0HrrTbI=,tBikTXjIsi/iIL+j31DtFv/tcjc=
-11,-6,eO0EMsD3WjRJ0dd3bRlE0HrrTbI=,pTTf01Ys4IfKSAsZcZC8tf6ScZk=
-11,-7,eO0EMsD3WjRJ0dd3bRlE0HrrTbI=,pTTf01Ys4IfKSAsZcZC8tf6ScZk=
-10,-4,eO0EMsD3WjRJ0dd3bRlE0HrrTbI=,tBikTXjIsi/iIL+j31DtFv/tcjc=
-10,-5,eO0EMsD3WjRJ0dd3bRlE0HrrTbI=,tBikTXjIsi/iIL+j31DtFv/tcjc=
-11,-4,eO0EMsD3WjRJ0dd3bRlE0HrrTbI=,kr2Wf6KFXcEtOozgskrPDgeEfGo=
-11,-5,eO0EMsD3WjRJ0dd3bRlE0HrrTbI=,pTTf01Ys4IfKSAsZcZC8tf6ScZk=
-13,-7,eO0EMsD3WjRJ0dd3bRlE0HrrTbI=,ibocklDXXNopG3ASjP+LT0IW1rw=
-12,-7,eO0EMsD3WjRJ0dd3bRlE0HrrTbI=,pTTf01Ys4IfKSAsZcZC8tf6ScZk=
-12,-6,eO0EMsD3WjRJ0dd3bRlE0HrrTbI=,pTTf01Ys4IfKSAsZcZC8tf6ScZk=
-13,-6,eO0EMsD3WjRJ0dd3bRlE0HrrTbI=,zff+fCihFcmHh4jnGR6epshbFkE=
-13,-4,eO0EMsD3WjRJ0dd3bRlE0HrrTbI=,zff+fCihFcmHh4jnGR6epshbFkE=
-12,-5,eO0EMsD3WjRJ0dd3bRlE0HrrTbI=,pTTf01Ys4IfKSAsZcZC8tf6ScZk=
-12,-4,eO0EMsD3WjRJ0dd3bRlE0HrrTbI=,kr2Wf6KFXcEtOozgskrPDgeEfGo=
-13,-5,eO0EMsD3WjRJ0dd3bRlE0HrrTbI=,zff+fCihFcmHh4jnGR6epshbFkE=
-10,-2,eO0EMsD3WjRJ0dd3bRlE0HrrTbI=,zff+fCihFcmHh4jnGR6epshbFkE=
-11,-2,eO0EMsD3WjRJ0dd3bRlE0HrrTbI=,zff+fCihFcmHh4jnGR6epshbFkE=
-11,-3,eO0EMsD3WjRJ0dd3bRlE0HrrTbI=,kr2Wf6KFXcEtOozgskrPDgeEfGo=
-10,-3,eO0EMsD3WjRJ0dd3bRlE0HrrTbI=,tBikTXjIsi/iIL+j31DtFv/tcjc=
-13,-2,eO0EMsD3WjRJ0dd3bRlE0HrrTbI=,zff+fCihFcmHh4jnGR6epshbFkE=
-12,-2,eO0EMsD3WjRJ0dd3bRlE0HrrTbI=,zff+fCihFcmHh4jnGR6epshbFkE=
-12,-3,eO0EMsD3WjRJ0dd3bRlE0HrrTbI=,kr2Wf6KFXcEtOozgskrPDgeEfGo=
-13,-3,eO0EMsD3WjRJ0dd3bRlE0HrrTbI=,zff+fCihFcmHh4jnGR6epshbFkE=
-16,-8,eO0EMsD3WjRJ0dd3bRlE0HrrTbI=,ibocklDXXNopG3ASjP+LT0IW1rw=
-15,-6,eO0EMsD3WjRJ0dd3bRlE0HrrTbI=,+cF9Cvfi16EC/usmcuHoyxxaNsU=
-16,-9,eO0EMsD3WjRJ0dd3bRlE0HrrTbI=,ibocklDXXNopG3ASjP+LT0IW1rw=
-14,-7,eO0EMsD3WjRJ0dd3bRlE0HrrTbI=,ibocklDXXNopG3ASjP+LT0IW1rw=
-16,-7,eO0EMsD3WjRJ0dd3bRlE0HrrTbI=,ibocklDXXNopG3ASjP+LT0IW1rw=
-16,-11,eO0EMsD3WjRJ0dd3bRlE0HrrTbI=,+cF9Cvfi16EC/usmcuHoyxxaNsU=
-16,-6,eO0EMsD3WjRJ0dd3bRlE0HrrTbI=,+cF9Cvfi16EC/usmcuHoyxxaNsU=
-16,-10,eO0EMsD3WjRJ0dd3bRlE0HrrTbI=,ibocklDXXNopG3ASjP+LT0IW1rw=
-16,-12,eO0EMsD3WjRJ0dd3bRlE0HrrTbI=,+cF9Cvfi16EC/usmcuHoyxxaNsU=
-16,-13,eO0EMsD3WjRJ0dd3bRlE0HrrTbI=,+cF9Cvfi16EC/usmcuHoyxxaNsU=
-15,-7,eO0EMsD3WjRJ0dd3bRlE0HrrTbI=,ibocklDXXNopG3ASjP+LT0IW1rw=
-14,-6,eO0EMsD3WjRJ0dd3bRlE0HrrTbI=,zff+fCihFcmHh4jnGR6epshbFkE=
-12,-16,eO0EMsD3WjRJ0dd3bRlE0HrrTbI=,1mTIPT3bLOQZuBzYGJcIgktLcHg=
-10,-16,eO0EMsD3WjRJ0dd3bRlE0HrrTbI=,1mTIPT3bLOQZuBzYGJcIgktLcHg=
-13,-16,eO0EMsD3WjRJ0dd3bRlE0HrrTbI=,JpcNPudI+Xqy5znMN+T+/O/QkX0=
-11,-16,eO0EMsD3WjRJ0dd3bRlE0HrrTbI=,1mTIPT3bLOQZuBzYGJcIgktLcHg=
-8,-16,eO0EMsD3WjRJ0dd3bRlE0HrrTbI=,hYZON+v//ctqF2dVLLZyHcXyfG8=
-9,-16,eO0EMsD3WjRJ0dd3bRlE0HrrTbI=,1mTIPT3bLOQZuBzYGJcIgktLcHg=
-7,-16,eO0EMsD3WjRJ0dd3bRlE0HrrTbI=,hYZON+v//ctqF2dVLLZyHcXyfG8=
-6,-16,eO0EMsD3WjRJ0dd3bRlE0HrrTbI=,oXwuj/79VZVmaPbYPsK1NFFVCFA=
-4,-16,eO0EMsD3WjRJ0dd3bRlE0HrrTbI=,QHKdIuFXxaO+1F24x5+EyJrMHm8=
-5,-16,eO0EMsD3WjRJ0dd3bRlE0HrrTbI=,oXwuj/79VZVmaPbYPsK1NFFVCFA=
-15,-4,eO0EMsD3WjRJ0dd3bRlE0HrrTbI=,zff+fCihFcmHh4jnGR6epshbFkE=
-3,-16,eO0EMsD3WjRJ0dd3bRlE0HrrTbI=,QHKdIuFXxaO+1F24x5+EyJrMHm8=
-14,-4,eO0EMsD3WjRJ0dd3bRlE0HrrTbI=,zff+fCihFcmHh4jnGR6epshbFkE=
-16,-5,eO0EMsD3WjRJ0dd3bRlE0HrrTbI=,+cF9Cvfi16EC/usmcuHoyxxaNsU=
-16,-4,eO0EMsD3WjRJ0dd3bRlE0HrrTbI=,zff+fCihFcmHh4jnGR6epshbFkE=
-15,-5,eO0EMsD3WjRJ0dd3bRlE0HrrTbI=,+cF9Cvfi16EC/usmcuHoyxxaNsU=
-14,-5,eO0EMsD3WjRJ0dd3bRlE0HrrTbI=,zff+fCihFcmHh4jnGR6epshbFkE=
-2,-16,eO0EMsD3WjRJ0dd3bRlE0HrrTbI=,MC5b8nnnTOXn909MztRM/elfVjQ=
-14,-2,eO0EMsD3WjRJ0dd3bRlE0HrrTbI=,zff+fCihFcmHh4jnGR6epshbFkE=
-14,-1,eO0EMsD3WjRJ0dd3bRlE0HrrTbI=,zff+fCihFcmHh4jnGR6epshbFkE=
-15,-1,eO0EMsD3WjRJ0dd3bRlE0HrrTbI=,zff+fCihFcmHh4jnGR6epshbFkE=
-16,-3,eO0EMsD3WjRJ0dd3bRlE0HrrTbI=,zff+fCihFcmHh4jnGR6epshbFkE=
-16,-2,eO0EMsD3WjRJ0dd3bRlE0HrrTbI=,zff+fCihFcmHh4jnGR6epshbFkE=
-15,-2,eO0EMsD3WjRJ0dd3bRlE0HrrTbI=,zff+fCihFcmHh4jnGR6epshbFkE=
-15,-3,eO0EMsD3WjRJ0dd3bRlE0HrrTbI=,zff+fCihFcmHh4jnGR6epshbFkE=
-1,-14,eO0EMsD3WjRJ0dd3bRlE0HrrTbI=,7+kPQCJ+hkSLGLjA/piGQ8tokGI=
-14,-3,eO0EMsD3WjRJ0dd3bRlE0HrrTbI=,zff+fCihFcmHh4jnGR6epshbFkE=
-1,-15,eO0EMsD3WjRJ0dd3bRlE0HrrTbI=,MC5b8nnnTOXn909MztRM/elfVjQ=
-1,-11,eO0EMsD3WjRJ0dd3bRlE0HrrTbI=,JhcQyUW32q8O3qNxfBYdR5dztYQ=
-1,-10,eO0EMsD3WjRJ0dd3bRlE0HrrTbI=,lKQNj0VQIA1qG3h9oTzZUqZ52I4=
-1,-12,eO0EMsD3WjRJ0dd3bRlE0HrrTbI=,JhcQyUW32q8O3qNxfBYdR5dztYQ=
-1,-8,eO0EMsD3WjRJ0dd3bRlE0HrrTbI=,lKQNj0VQIA1qG3h9oTzZUqZ52I4=
-1,-6,eO0EMsD3WjRJ0dd3bRlE0HrrTbI=,lKQNj0VQIA1qG3h9oTzZUqZ52I4=
-1,-7,eO0EMsD3WjRJ0dd3bRlE0HrrTbI=,lKQNj0VQIA1qG3h9oTzZUqZ52I4=
-1,-9,eO0EMsD3WjRJ0dd3bRlE0HrrTbI=,lKQNj0VQIA1qG3h9oTzZUqZ52I4=
-2,-1,eO0EMsD3WjRJ0dd3bRlE0HrrTbI=,i83OXMEUnXTo9OgYHMqa8Mdgag8=
-8,-1,eO0EMsD3WjRJ0dd3bRlE0HrrTbI=,tBikTXjIsi/iIL+j31DtFv/tcjc=
-9,-1,eO0EMsD3WjRJ0dd3bRlE0HrrTbI=,zff+fCihFcmHh4jnGR6epshbFkE=
-1,-13,eO0EMsD3WjRJ0dd3bRlE0HrrTbI=,7+kPQCJ+hkSLGLjA/piGQ8tokGI=
-3,-1,eO0EMsD3WjRJ0dd3bRlE0HrrTbI=,lKQNj0VQIA1qG3h9oTzZUqZ52I4=
-1,-4,eO0EMsD3WjRJ0dd3bRlE0HrrTbI=,i83OXMEUnXTo9OgYHMqa8Mdgag8=
-13,-1,eO0EMsD3WjRJ0dd3bRlE0HrrTbI=,zff+fCihFcmHh4jnGR6epshbFkE=
-1,-5,eO0EMsD3WjRJ0dd3bRlE0HrrTbI=,lKQNj0VQIA1qG3h9oTzZUqZ52I4=
-1,-3,eO0EMsD3WjRJ0dd3bRlE0HrrTbI=,i83OXMEUnXTo9OgYHMqa8Mdgag8=
-1,-2,eO0EMsD3WjRJ0dd3bRlE0HrrTbI=,i83OXMEUnXTo9OgYHMqa8Mdgag8=
-6,-1,eO0EMsD3WjRJ0dd3bRlE0HrrTbI=,lKQNj0VQIA1qG3h9oTzZUqZ52I4=
-10,-1,eO0EMsD3WjRJ0dd3bRlE0HrrTbI=,zff+fCihFcmHh4jnGR6epshbFkE=
-11,-1,eO0EMsD3WjRJ0dd3bRlE0HrrTbI=,zff+fCihFcmHh4jnGR6epshbFkE=
-12,-1,eO0EMsD3WjRJ0dd3bRlE0HrrTbI=,zff+fCihFcmHh4jnGR6epshbFkE=
-4,-1,eO0EMsD3WjRJ0dd3bRlE0HrrTbI=,lKQNj0VQIA1qG3h9oTzZUqZ52I4=
-7,-1,eO0EMsD3WjRJ0dd3bRlE0HrrTbI=,tBikTXjIsi/iIL+j31DtFv/tcjc=
-5,-1,eO0EMsD3WjRJ0dd3bRlE0HrrTbI=,lKQNj0VQIA1qG3h9oTzZUqZ52I4=
-15,-14,eO0EMsD3WjRJ0dd3bRlE0HrrTbI=,+cF9Cvfi16EC/usmcuHoyxxaNsU=
-14,-15,eO0EMsD3WjRJ0dd3bRlE0HrrTbI=,JpcNPudI+Xqy5znMN+T+/O/QkX0=
-16,-14,eO0EMsD3WjRJ0dd3bRlE0HrrTbI=,+cF9Cvfi16EC/usmcuHoyxxaNsU=
-14,-14,eO0EMsD3WjRJ0dd3bRlE0HrrTbI=,JpcNPudI+Xqy5znMN+T+/O/QkX0=
-14,-16,eO0EMsD3WjRJ0dd3bRlE0HrrTbI=,JpcNPudI+Xqy5znMN+T+/O/QkX0=
-15,-15,eO0EMsD3WjRJ0dd3bRlE0HrrTbI=,+9kY4ioJIdpGpkGC3La89hCKqsY=
-16,-16,eO0EMsD3WjRJ0dd3bRlE0HrrTbI=,+9kY4ioJIdpGpkGC3La89hCKqsY=
-15,-16,eO0EMsD3WjRJ0dd3bRlE0HrrTbI=,+9kY4ioJIdpGpkGC3La89hCKqsY=
-16,-15,eO0EMsD3WjRJ0dd3bRlE0HrrTbI=,+9kY4ioJIdpGpkGC3La89hCKqsY=
-5,-6,eO0EMsD3WjRJ0dd3bRlE0HrrTbI=,tBikTXjIsi/iIL+j31DtFv/tcjc=
-6,-6,eO0EMsD3WjRJ0dd3bRlE0HrrTbI=,tBikTXjIsi/iIL+j31DtFv/tcjc=
-7,-7,eO0EMsD3WjRJ0dd3bRlE0HrrTbI=,tBikTXjIsi/iIL+j31DtFv/tcjc=
-4,-6,eO0EMsD3WjRJ0dd3bRlE0HrrTbI=,lKQNj0VQIA1qG3h9oTzZUqZ52I4=
-5,-7,eO0EMsD3WjRJ0dd3bRlE0HrrTbI=,tBikTXjIsi/iIL+j31DtFv/tcjc=
-4,-7,eO0EMsD3WjRJ0dd3bRlE0HrrTbI=,lKQNj0VQIA1qG3h9oTzZUqZ52I4=
-6,-7,n6YI9lN3r3oQmLA4w2QLc3ZiBvc=,tBikTXjIsi/iIL+j31DtFv/tcjc=
-4,-9,n6YI9lN3r3oQmLA4w2QLc3ZiBvc=,lKQNj0VQIA1qG3h9oTzZUqZ52I4=
-7,-8,n6YI9lN3r3oQmLA4w2QLc3ZiBvc=,tBikTXjIsi/iIL+j31DtFv/tcjc=
-5,-9,n6YI9lN3r3oQmLA4w2QLc3ZiBvc=,tBikTXjIsi/iIL+j31DtFv/tcjc=
-6,-9,n6YI9lN3r3oQmLA4w2QLc3ZiBvc=,tBikTXjIsi/iIL+j31DtFv/tcjc=
-7,-6,n6YI9lN3r3oQmLA4w2QLc3ZiBvc=,tBikTXjIsi/iIL+j31DtFv/tcjc=
-1,-16,n6YI9lN3r3oQmLA4w2QLc3ZiBvc=,MC5b8nnnTOXn909MztRM/elfVjQ=
-6,-8,n6YI9lN3r3oQmLA4w2QLc3ZiBvc=,tBikTXjIsi/iIL+j31DtFv/tcjc=
-5,-8,n6YI9lN3r3oQmLA4w2QLc3ZiBvc=,tBikTXjIsi/iIL+j31DtFv/tcjc=
-9,-13,n6YI9lN3r3oQmLA4w2QLc3ZiBvc=,pTTf01Ys4IfKSAsZcZC8tf6ScZk=
-4,-8,n6YI9lN3r3oQmLA4w2QLc3ZiBvc=,lKQNj0VQIA1qG3h9oTzZUqZ52I4=
-1,-1,n6YI9lN3r3oQmLA4w2QLc3ZiBvc=,i83OXMEUnXTo9OgYHMqa8Mdgag8=
-7,-9,n6YI9lN3r3oQmLA4w2QLc3ZiBvc=,tBikTXjIsi/iIL+j31DtFv/tcjc=
-16,-1,n6YI9lN3r3oQmLA4w2QLc3ZiBvc=,zff+fCihFcmHh4jnGR6epshbFkE=
-8,-10,n6YI9lN3r3oQmLA4w2QLc3ZiBvc=,tBikTXjIsi/iIL+j31DtFv/tcjc=
-9,-11,n6YI9lN3r3oQmLA4w2QLc3ZiBvc=,tBikTXjIsi/iIL+j31DtFv/tcjc=
-8,-13,n6YI9lN3r3oQmLA4w2QLc3ZiBvc=,tBikTXjIsi/iIL+j31DtFv/tcjc=
-9,-12,n6YI9lN3r3oQmLA4w2QLc3ZiBvc=,tBikTXjIsi/iIL+j31DtFv/tcjc=
-9,-10,n6YI9lN3r3oQmLA4w2QLc3ZiBvc=,tBikTXjIsi/iIL+j31DtFv/tcjc=
-8,-11,n6YI9lN3r3oQmLA4w2QLc3ZiBvc=,tBikTXjIsi/iIL+j31DtFv/tcjc=
-8,-12,n6YI9lN3r3oQmLA4w2QLc3ZiBvc=,tBikTXjIsi/iIL+j31DtFv/tcjc=
-7,-12,n6YI9lN3r3oQmLA4w2QLc3ZiBvc=,tBikTXjIsi/iIL+j31DtFv/tcjc=
-4,-13,n6YI9lN3r3oQmLA4w2QLc3ZiBvc=,QHKdIuFXxaO+1F24x5+EyJrMHm8=
-5,-11,n6YI9lN3r3oQmLA4w2QLc3ZiBvc=,tBikTXjIsi/iIL+j31DtFv/tcjc=
-4,-12,n6YI9lN3r3oQmLA4w2QLc3ZiBvc=,cGBZpqfftVHcs+fW8q7HEum2b7g=
-5,-10,n6YI9lN3r3oQmLA4w2QLc3ZiBvc=,tBikTXjIsi/iIL+j31DtFv/tcjc=
-6,-11,n6YI9lN3r3oQmLA4w2QLc3ZiBvc=,tBikTXjIsi/iIL+j31DtFv/tcjc=
-5,-13,n6YI9lN3r3oQmLA4w2QLc3ZiBvc=,tBikTXjIsi/iIL+j31DtFv/tcjc=
-7,-11,n6YI9lN3r3oQmLA4w2QLc3ZiBvc=,tBikTXjIsi/iIL+j31DtFv/tcjc=
-6,-10,n6YI9lN3r3oQmLA4w2QLc3ZiBvc=,tBikTXjIsi/iIL+j31DtFv/tcjc=
-7,-13,n6YI9lN3r3oQmLA4w2QLc3ZiBvc=,tBikTXjIsi/iIL+j31DtFv/tcjc=
-4,-10,n6YI9lN3r3oQmLA4w2QLc3ZiBvc=,lKQNj0VQIA1qG3h9oTzZUqZ52I4=
-6,-13,n6YI9lN3r3oQmLA4w2QLc3ZiBvc=,tBikTXjIsi/iIL+j31DtFv/tcjc=
-7,-10,n6YI9lN3r3oQmLA4w2QLc3ZiBvc=,tBikTXjIsi/iIL+j31DtFv/tcjc=
-4,-11,n6YI9lN3r3oQmLA4w2QLc3ZiBvc=,cGBZpqfftVHcs+fW8q7HEum2b7g=
-5,-12,n6YI9lN3r3oQmLA4w2QLc3ZiBvc=,tBikTXjIsi/iIL+j31DtFv/tcjc=
-6,-12,n6YI9lN3r3oQmLA4w2QLc3ZiBvc=,tBikTXjIsi/iIL+j31DtFv/tcjc=
-8,-21,n6YI9lN3r3oQmLA4w2QLc3ZiBvc=,hYZON+v//ctqF2dVLLZyHcXyfG8=
-8,-20,n6YI9lN3r3oQmLA4w2QLc3ZiBvc=,hYZON+v//ctqF2dVLLZyHcXyfG8=
-9,-21,n6YI9lN3r3oQmLA4w2QLc3ZiBvc=,hYZON+v//ctqF2dVLLZyHcXyfG8=
-9,-20,n6YI9lN3r3oQmLA4w2QLc3ZiBvc=,gOr9hnHLvred6zYzPbHYfwQKswY=
-11,-21,n6YI9lN3r3oQmLA4w2QLc3ZiBvc=,hYZON+v//ctqF2dVLLZyHcXyfG8=
-11,-20,n6YI9lN3r3oQmLA4w2QLc3ZiBvc=,1mTIPT3bLOQZuBzYGJcIgktLcHg=
-10,-21,n6YI9lN3r3oQmLA4w2QLc3ZiBvc=,hYZON+v//ctqF2dVLLZyHcXyfG8=
-10,-20,n6YI9lN3r3oQmLA4w2QLc3ZiBvc=,gOr9hnHLvred6zYzPbHYfwQKswY=
-11,-19,n6YI9lN3r3oQmLA4w2QLc3ZiBvc=,1mTIPT3bLOQZuBzYGJcIgktLcHg=
-11,-18,n6YI9lN3r3oQmLA4w2QLc3ZiBvc=,lIYeR3eSQdSdMt6NtrlMiSe2CNs=
-10,-18,n6YI9lN3r3oQmLA4w2QLc3ZiBvc=,1mTIPT3bLOQZuBzYGJcIgktLcHg=
-10,-19,n6YI9lN3r3oQmLA4w2QLc3ZiBvc=,gOr9hnHLvred6zYzPbHYfwQKswY=
-9,-18,n6YI9lN3r3oQmLA4w2QLc3ZiBvc=,1mTIPT3bLOQZuBzYGJcIgktLcHg=
-9,-19,n6YI9lN3r3oQmLA4w2QLc3ZiBvc=,gOr9hnHLvred6zYzPbHYfwQKswY=
-8,-19,n6YI9lN3r3oQmLA4w2QLc3ZiBvc=,hYZON+v//ctqF2dVLLZyHcXyfG8=
-8,-18,n6YI9lN3r3oQmLA4w2QLc3ZiBvc=,hYZON+v//ctqF2dVLLZyHcXyfG8=
-12,-21,n6YI9lN3r3oQmLA4w2QLc3ZiBvc=,hYZON+v//ctqF2dVLLZyHcXyfG8=
-13,-20,n6YI9lN3r3oQmLA4w2QLc3ZiBvc=,JpcNPudI+Xqy5znMN+T+/O/QkX0=
-12,-20,n6YI9lN3r3oQmLA4w2QLc3ZiBvc=,1mTIPT3bLOQZuBzYGJcIgktLcHg=
-10,-17,n6YI9lN3r3oQmLA4w2QLc3ZiBvc=,1mTIPT3bLOQZuBzYGJcIgktLcHg=
-11,-17,n6YI9lN3r3oQmLA4w2QLc3ZiBvc=,lIYeR3eSQdSdMt6NtrlMiSe2CNs=
-9,-17,n6YI9lN3r3oQmLA4w2QLc3ZiBvc=,1mTIPT3bLOQZuBzYGJcIgktLcHg=
-8,-17,n6YI9lN3r3oQmLA4w2QLc3ZiBvc=,hYZON+v//ctqF2dVLLZyHcXyfG8=
-13,-18,n6YI9lN3r3oQmLA4w2QLc3ZiBvc=,+cF9Cvfi16EC/usmcuHoyxxaNsU=
-12,-17,n6YI9lN3r3oQmLA4w2QLc3ZiBvc=,lIYeR3eSQdSdMt6NtrlMiSe2CNs=
-12,-18,n6YI9lN3r3oQmLA4w2QLc3ZiBvc=,lIYeR3eSQdSdMt6NtrlMiSe2CNs=
-12,-19,n6YI9lN3r3oQmLA4w2QLc3ZiBvc=,1mTIPT3bLOQZuBzYGJcIgktLcHg=
-14,-20,n6YI9lN3r3oQmLA4w2QLc3ZiBvc=,JpcNPudI+Xqy5znMN+T+/O/QkX0=
-15,-20,n6YI9lN3r3oQmLA4w2QLc3ZiBvc=,+cF9Cvfi16EC/usmcuHoyxxaNsU=
-15,-21,n6YI9lN3r3oQmLA4w2QLc3ZiBvc=,+cF9Cvfi16EC/usmcuHoyxxaNsU=
-13,-17,n6YI9lN3r3oQmLA4w2QLc3ZiBvc=,+cF9Cvfi16EC/usmcuHoyxxaNsU=
-13,-19,n6YI9lN3r3oQmLA4w2QLc3ZiBvc=,JpcNPudI+Xqy5znMN+T+/O/QkX0=
-2,-18,n6YI9lN3r3oQmLA4w2QLc3ZiBvc=,MC5b8nnnTOXn909MztRM/elfVjQ=
-3,-18,n6YI9lN3r3oQmLA4w2QLc3ZiBvc=,QHKdIuFXxaO+1F24x5+EyJrMHm8=
-4,-17,n6YI9lN3r3oQmLA4w2QLc3ZiBvc=,QHKdIuFXxaO+1F24x5+EyJrMHm8=
-14,-18,n6YI9lN3r3oQmLA4w2QLc3ZiBvc=,+cF9Cvfi16EC/usmcuHoyxxaNsU=
-15,-19,n6YI9lN3r3oQmLA4w2QLc3ZiBvc=,+cF9Cvfi16EC/usmcuHoyxxaNsU=
-15,-17,n6YI9lN3r3oQmLA4w2QLc3ZiBvc=,+9kY4ioJIdpGpkGC3La89hCKqsY=
-4,-18,n6YI9lN3r3oQmLA4w2QLc3ZiBvc=,QHKdIuFXxaO+1F24x5+EyJrMHm8=
-14,-17,n6YI9lN3r3oQmLA4w2QLc3ZiBvc=,+cF9Cvfi16EC/usmcuHoyxxaNsU=
-16,-19,n6YI9lN3r3oQmLA4w2QLc3ZiBvc=,+cF9Cvfi16EC/usmcuHoyxxaNsU=
-6,-17,n6YI9lN3r3oQmLA4w2QLc3ZiBvc=,hYZON+v//ctqF2dVLLZyHcXyfG8=
-5,-21,n6YI9lN3r3oQmLA4w2QLc3ZiBvc=,AvfKtL+ZDuTJToJQ2E5CWsNc02w=
-5,-19,n6YI9lN3r3oQmLA4w2QLc3ZiBvc=,AvfKtL+ZDuTJToJQ2E5CWsNc02w=
-5,-17,n6YI9lN3r3oQmLA4w2QLc3ZiBvc=,hYZON+v//ctqF2dVLLZyHcXyfG8=
-7,-17,n6YI9lN3r3oQmLA4w2QLc3ZiBvc=,hYZON+v//ctqF2dVLLZyHcXyfG8=
-14,-19,n6YI9lN3r3oQmLA4w2QLc3ZiBvc=,JpcNPudI+Xqy5znMN+T+/O/QkX0=
-6,-21,n6YI9lN3r3oQmLA4w2QLc3ZiBvc=,AvfKtL+ZDuTJToJQ2E5CWsNc02w=
-5,-18,n6YI9lN3r3oQmLA4w2QLc3ZiBvc=,hYZON+v//ctqF2dVLLZyHcXyfG8=
-16,-18,n6YI9lN3r3oQmLA4w2QLc3ZiBvc=,+9kY4ioJIdpGpkGC3La89hCKqsY=
-15,-18,n6YI9lN3r3oQmLA4w2QLc3ZiBvc=,+9kY4ioJIdpGpkGC3La89hCKqsY=
-7,-21,n6YI9lN3r3oQmLA4w2QLc3ZiBvc=,hYZON+v//ctqF2dVLLZyHcXyfG8=
-7,-19,n6YI9lN3r3oQmLA4w2QLc3ZiBvc=,hYZON+v//ctqF2dVLLZyHcXyfG8=
-5,-20,n6YI9lN3r3oQmLA4w2QLc3ZiBvc=,AvfKtL+ZDuTJToJQ2E5CWsNc02w=
-6,-20,n6YI9lN3r3oQmLA4w2QLc3ZiBvc=,AvfKtL+ZDuTJToJQ2E5CWsNc02w=
-7,-20,n6YI9lN3r3oQmLA4w2QLc3ZiBvc=,hYZON+v//ctqF2dVLLZyHcXyfG8=
-6,-19,n6YI9lN3r3oQmLA4w2QLc3ZiBvc=,AvfKtL+ZDuTJToJQ2E5CWsNc02w=
-6,-18,n6YI9lN3r3oQmLA4w2QLc3ZiBvc=,hYZON+v//ctqF2dVLLZyHcXyfG8=
-7,-18,n6YI9lN3r3oQmLA4w2QLc3ZiBvc=,hYZON+v//ctqF2dVLLZyHcXyfG8=
-9,-23,CAGaoibFVJrTEtH82CLvccFfRhM=,hYZON+v//ctqF2dVLLZyHcXyfG8=
-9,-22,CAGaoibFVJrTEtH82CLvccFfRhM=,hYZON+v//ctqF2dVLLZyHcXyfG8=
-8,-23,CAGaoibFVJrTEtH82CLvccFfRhM=,hYZON+v//ctqF2dVLLZyHcXyfG8=
-8,-22,CAGaoibFVJrTEtH82CLvccFfRhM=,hYZON+v//ctqF2dVLLZyHcXyfG8=
-9,-24,CAGaoibFVJrTEtH82CLvccFfRhM=,hYZON+v//ctqF2dVLLZyHcXyfG8=
-8,-24,CAGaoibFVJrTEtH82CLvccFfRhM=,hYZON+v//ctqF2dVLLZyHcXyfG8=
-9,-25,CAGaoibFVJrTEtH82CLvccFfRhM=,hYZON+v//ctqF2dVLLZyHcXyfG8=
-8,-25,CAGaoibFVJrTEtH82CLvccFfRhM=,hYZON+v//ctqF2dVLLZyHcXyfG8=
-9,-29,CAGaoibFVJrTEtH82CLvccFfRhM=,hYZON+v//ctqF2dVLLZyHcXyfG8=
-8,-28,CAGaoibFVJrTEtH82CLvccFfRhM=,hYZON+v//ctqF2dVLLZyHcXyfG8=
-8,-29,CAGaoibFVJrTEtH82CLvccFfRhM=,hYZON+v//ctqF2dVLLZyHcXyfG8=
-9,-27,CAGaoibFVJrTEtH82CLvccFfRhM=,hYZON+v//ctqF2dVLLZyHcXyfG8=
-8,-27,CAGaoibFVJrTEtH82CLvccFfRhM=,hYZON+v//ctqF2dVLLZyHcXyfG8=
-9,-26,CAGaoibFVJrTEtH82CLvccFfRhM=,hYZON+v//ctqF2dVLLZyHcXyfG8=
-9,-28,CAGaoibFVJrTEtH82CLvccFfRhM=,hYZON+v//ctqF2dVLLZyHcXyfG8=
-8,-26,CAGaoibFVJrTEtH82CLvccFfRhM=,hYZON+v//ctqF2dVLLZyHcXyfG8=
-11,-30,CAGaoibFVJrTEtH82CLvccFfRhM=,BG3l+erEr5gBjjBWkV5h9Ldt+AE=
-10,-30,CAGaoibFVJrTEtH82CLvccFfRhM=,hYZON+v//ctqF2dVLLZyHcXyfG8=
-8,-30,CAGaoibFVJrTEtH82CLvccFfRhM=,hYZON+v//ctqF2dVLLZyHcXyfG8=
-9,-30,CAGaoibFVJrTEtH82CLvccFfRhM=,hYZON+v//ctqF2dVLLZyHcXyfG8=
-7,-30,CAGaoibFVJrTEtH82CLvccFfRhM=,hYZON+v//ctqF2dVLLZyHcXyfG8=
-7,-28,CAGaoibFVJrTEtH82CLvccFfRhM=,hYZON+v//ctqF2dVLLZyHcXyfG8=
-7,-29,CAGaoibFVJrTEtH82CLvccFfRhM=,hYZON+v//ctqF2dVLLZyHcXyfG8=
-7,-27,CAGaoibFVJrTEtH82CLvccFfRhM=,hYZON+v//ctqF2dVLLZyHcXyfG8=
-7,-23,CAGaoibFVJrTEtH82CLvccFfRhM=,hYZON+v//ctqF2dVLLZyHcXyfG8=
-7,-25,CAGaoibFVJrTEtH82CLvccFfRhM=,hYZON+v//ctqF2dVLLZyHcXyfG8=
-7,-24,CAGaoibFVJrTEtH82CLvccFfRhM=,hYZON+v//ctqF2dVLLZyHcXyfG8=
-6,-22,CAGaoibFVJrTEtH82CLvccFfRhM=,AvfKtL+ZDuTJToJQ2E5CWsNc02w=
-5,-22,CAGaoibFVJrTEtH82CLvccFfRhM=,AvfKtL+ZDuTJToJQ2E5CWsNc02w=
-7,-22,CAGaoibFVJrTEtH82CLvccFfRhM=,hYZON+v//ctqF2dVLLZyHcXyfG8=
-7,-26,CAGaoibFVJrTEtH82CLvccFfRhM=,hYZON+v//ctqF2dVLLZyHcXyfG8=
-2,-17,CAGaoibFVJrTEtH82CLvccFfRhM=,MC5b8nnnTOXn909MztRM/elfVjQ=
-3,-17,CAGaoibFVJrTEtH82CLvccFfRhM=,QHKdIuFXxaO+1F24x5+EyJrMHm8=
-16,-17,CAGaoibFVJrTEtH82CLvccFfRhM=,+9kY4ioJIdpGpkGC3La89hCKqsY=
-1,-17,CAGaoibFVJrTEtH82CLvccFfRhM=,MC5b8nnnTOXn909MztRM/elfVjQ=
-1,-18,CAGaoibFVJrTEtH82CLvccFfRhM=,MC5b8nnnTOXn909MztRM/elfVjQ=
-16,-21,CAGaoibFVJrTEtH82CLvccFfRhM=,+cF9Cvfi16EC/usmcuHoyxxaNsU=
-15,-22,CAGaoibFVJrTEtH82CLvccFfRhM=,+cF9Cvfi16EC/usmcuHoyxxaNsU=
-12,-30,CAGaoibFVJrTEtH82CLvccFfRhM=,BG3l+erEr5gBjjBWkV5h9Ldt+AE=
-16,-22,CAGaoibFVJrTEtH82CLvccFfRhM=,+cF9Cvfi16EC/usmcuHoyxxaNsU=
-16,-20,CAGaoibFVJrTEtH82CLvccFfRhM=,+cF9Cvfi16EC/usmcuHoyxxaNsU=
-12,-22,CAGaoibFVJrTEtH82CLvccFfRhM=,hYZON+v//ctqF2dVLLZyHcXyfG8=
-12,-23,CAGaoibFVJrTEtH82CLvccFfRhM=,BG3l+erEr5gBjjBWkV5h9Ldt+AE=
-11,-23,CAGaoibFVJrTEtH82CLvccFfRhM=,BG3l+erEr5gBjjBWkV5h9Ldt+AE=
-10,-22,CAGaoibFVJrTEtH82CLvccFfRhM=,hYZON+v//ctqF2dVLLZyHcXyfG8=
-11,-22,CAGaoibFVJrTEtH82CLvccFfRhM=,hYZON+v//ctqF2dVLLZyHcXyfG8=
-10,-23,CAGaoibFVJrTEtH82CLvccFfRhM=,hYZON+v//ctqF2dVLLZyHcXyfG8=
-12,-24,CAGaoibFVJrTEtH82CLvccFfRhM=,BG3l+erEr5gBjjBWkV5h9Ldt+AE=
-12,-29,CAGaoibFVJrTEtH82CLvccFfRhM=,BG3l+erEr5gBjjBWkV5h9Ldt+AE=
-10,-29,CAGaoibFVJrTEtH82CLvccFfRhM=,hYZON+v//ctqF2dVLLZyHcXyfG8=
-11,-29,CAGaoibFVJrTEtH82CLvccFfRhM=,BG3l+erEr5gBjjBWkV5h9Ldt+AE=
-12,-26,CAGaoibFVJrTEtH82CLvccFfRhM=,BG3l+erEr5gBjjBWkV5h9Ldt+AE=
-11,-24,CAGaoibFVJrTEtH82CLvccFfRhM=,BG3l+erEr5gBjjBWkV5h9Ldt+AE=
-12,-25,CAGaoibFVJrTEtH82CLvccFfRhM=,BG3l+erEr5gBjjBWkV5h9Ldt+AE=
-11,-25,CAGaoibFVJrTEtH82CLvccFfRhM=,BG3l+erEr5gBjjBWkV5h9Ldt+AE=
-12,-28,CAGaoibFVJrTEtH82CLvccFfRhM=,BG3l+erEr5gBjjBWkV5h9Ldt+AE=
-10,-28,CAGaoibFVJrTEtH82CLvccFfRhM=,hYZON+v//ctqF2dVLLZyHcXyfG8=
-11,-28,CAGaoibFVJrTEtH82CLvccFfRhM=,BG3l+erEr5gBjjBWkV5h9Ldt+AE=
-11,-27,CAGaoibFVJrTEtH82CLvccFfRhM=,BG3l+erEr5gBjjBWkV5h9Ldt+AE=
-12,-27,CAGaoibFVJrTEtH82CLvccFfRhM=,BG3l+erEr5gBjjBWkV5h9Ldt+AE=
-11,-26,CAGaoibFVJrTEtH82CLvccFfRhM=,BG3l+erEr5gBjjBWkV5h9Ldt+AE=
-10,-25,CAGaoibFVJrTEtH82CLvccFfRhM=,hYZON+v//ctqF2dVLLZyHcXyfG8=
-10,-27,CAGaoibFVJrTEtH82CLvccFfRhM=,hYZON+v//ctqF2dVLLZyHcXyfG8=
-10,-24,CAGaoibFVJrTEtH82CLvccFfRhM=,hYZON+v//ctqF2dVLLZyHcXyfG8=
-10,-26,CAGaoibFVJrTEtH82CLvccFfRhM=,hYZON+v//ctqF2dVLLZyHcXyfG8=
-20,-19,Gg4AHYeaVqpPrzkQClay4BpSsO0=,MC5b8nnnTOXn909MztRM/elfVjQ=
-20,-18,Gg4AHYeaVqpPrzkQClay4BpSsO0=,H5eqMe1FIq6OsJTTGmVVzciqCVA=
-17,-22,Gg4AHYeaVqpPrzkQClay4BpSsO0=,+cF9Cvfi16EC/usmcuHoyxxaNsU=
-19,-22,Gg4AHYeaVqpPrzkQClay4BpSsO0=,MC5b8nnnTOXn909MztRM/elfVjQ=
-18,-22,Gg4AHYeaVqpPrzkQClay4BpSsO0=,+cF9Cvfi16EC/usmcuHoyxxaNsU=
-20,-21,Gg4AHYeaVqpPrzkQClay4BpSsO0=,MC5b8nnnTOXn909MztRM/elfVjQ=
-20,-20,Gg4AHYeaVqpPrzkQClay4BpSsO0=,MC5b8nnnTOXn909MztRM/elfVjQ=
-20,-22,Gg4AHYeaVqpPrzkQClay4BpSsO0=,MC5b8nnnTOXn909MztRM/elfVjQ=
-20,-17,Gg4AHYeaVqpPrzkQClay4BpSsO0=,H5eqMe1FIq6OsJTTGmVVzciqCVA=
-17,-21,Gg4AHYeaVqpPrzkQClay4BpSsO0=,+cF9Cvfi16EC/usmcuHoyxxaNsU=
-18,-21,Gg4AHYeaVqpPrzkQClay4BpSsO0=,+cF9Cvfi16EC/usmcuHoyxxaNsU=
-19,-21,Gg4AHYeaVqpPrzkQClay4BpSsO0=,MC5b8nnnTOXn909MztRM/elfVjQ=
-19,-20,Gg4AHYeaVqpPrzkQClay4BpSsO0=,MC5b8nnnTOXn909MztRM/elfVjQ=
-19,-19,Gg4AHYeaVqpPrzkQClay4BpSsO0=,MC5b8nnnTOXn909MztRM/elfVjQ=
-17,-20,Gg4AHYeaVqpPrzkQClay4BpSsO0=,+cF9Cvfi16EC/usmcuHoyxxaNsU=
-18,-20,Gg4AHYeaVqpPrzkQClay4BpSsO0=,+cF9Cvfi16EC/usmcuHoyxxaNsU=
-19,-18,Gg4AHYeaVqpPrzkQClay4BpSsO0=,H5eqMe1FIq6OsJTTGmVVzciqCVA=
-19,-17,Gg4AHYeaVqpPrzkQClay4BpSsO0=,H5eqMe1FIq6OsJTTGmVVzciqCVA=
-18,-19,Gg4AHYeaVqpPrzkQClay4BpSsO0=,+cF9Cvfi16EC/usmcuHoyxxaNsU=
-17,-17,Gg4AHYeaVqpPrzkQClay4BpSsO0=,+9kY4ioJIdpGpkGC3La89hCKqsY=
-17,-19,Gg4AHYeaVqpPrzkQClay4BpSsO0=,+cF9Cvfi16EC/usmcuHoyxxaNsU=
-18,-17,Gg4AHYeaVqpPrzkQClay4BpSsO0=,+9kY4ioJIdpGpkGC3La89hCKqsY=
-18,-18,Gg4AHYeaVqpPrzkQClay4BpSsO0=,+9kY4ioJIdpGpkGC3La89hCKqsY=
-17,-18,Gg4AHYeaVqpPrzkQClay4BpSsO0=,+9kY4ioJIdpGpkGC3La89hCKqsY=
-19,-8,Gg4AHYeaVqpPrzkQClay4BpSsO0=,MC5b8nnnTOXn909MztRM/elfVjQ=
-18,-9,Gg4AHYeaVqpPrzkQClay4BpSsO0=,+cF9Cvfi16EC/usmcuHoyxxaNsU=
-19,-9,Gg4AHYeaVqpPrzkQClay4BpSsO0=,+TDfnjjZugGra9lUca0vnjxFOo8=
-18,-8,Gg4AHYeaVqpPrzkQClay4BpSsO0=,+cF9Cvfi16EC/usmcuHoyxxaNsU=
-20,-7,Gg4AHYeaVqpPrzkQClay4BpSsO0=,MC5b8nnnTOXn909MztRM/elfVjQ=
-20,-6,Gg4AHYeaVqpPrzkQClay4BpSsO0=,WqjX8V8p5CGucXf/PFamK97cfmw=
-21,-6,Gg4AHYeaVqpPrzkQClay4BpSsO0=,rytHhSDBfW4PJQ2SLhPW4QsNjJo=
-21,-7,Gg4AHYeaVqpPrzkQClay4BpSsO0=,+TDfnjjZugGra9lUca0vnjxFOo8=
-19,-6,Gg4AHYeaVqpPrzkQClay4BpSsO0=,WqjX8V8p5CGucXf/PFamK97cfmw=
-18,-6,Gg4AHYeaVqpPrzkQClay4BpSsO0=,meri9RiHgNJCpojEPS6OIYeUJ9I=
-18,-7,Gg4AHYeaVqpPrzkQClay4BpSsO0=,+cF9Cvfi16EC/usmcuHoyxxaNsU=
-19,-7,Gg4AHYeaVqpPrzkQClay4BpSsO0=,MC5b8nnnTOXn909MztRM/elfVjQ=
-20,-5,Gg4AHYeaVqpPrzkQClay4BpSsO0=,WqjX8V8p5CGucXf/PFamK97cfmw=
-21,-4,Gg4AHYeaVqpPrzkQClay4BpSsO0=,rytHhSDBfW4PJQ2SLhPW4QsNjJo=
-20,-4,Gg4AHYeaVqpPrzkQClay4BpSsO0=,WqjX8V8p5CGucXf/PFamK97cfmw=
-21,-5,Gg4AHYeaVqpPrzkQClay4BpSsO0=,rytHhSDBfW4PJQ2SLhPW4QsNjJo=
-18,-4,Gg4AHYeaVqpPrzkQClay4BpSsO0=,zff+fCihFcmHh4jnGR6epshbFkE=
-18,-5,Gg4AHYeaVqpPrzkQClay4BpSsO0=,meri9RiHgNJCpojEPS6OIYeUJ9I=
-19,-5,Gg4AHYeaVqpPrzkQClay4BpSsO0=,WqjX8V8p5CGucXf/PFamK97cfmw=
-19,-4,Gg4AHYeaVqpPrzkQClay4BpSsO0=,WqjX8V8p5CGucXf/PFamK97cfmw=
-17,-5,Gg4AHYeaVqpPrzkQClay4BpSsO0=,meri9RiHgNJCpojEPS6OIYeUJ9I=
-17,-7,Gg4AHYeaVqpPrzkQClay4BpSsO0=,+cF9Cvfi16EC/usmcuHoyxxaNsU=
-17,-6,Gg4AHYeaVqpPrzkQClay4BpSsO0=,meri9RiHgNJCpojEPS6OIYeUJ9I=
-17,-9,Gg4AHYeaVqpPrzkQClay4BpSsO0=,+cF9Cvfi16EC/usmcuHoyxxaNsU=
-21,-2,Gg4AHYeaVqpPrzkQClay4BpSsO0=,rytHhSDBfW4PJQ2SLhPW4QsNjJo=
-17,-8,Gg4AHYeaVqpPrzkQClay4BpSsO0=,+cF9Cvfi16EC/usmcuHoyxxaNsU=
-17,-4,Gg4AHYeaVqpPrzkQClay4BpSsO0=,zff+fCihFcmHh4jnGR6epshbFkE=
-20,-3,Gg4AHYeaVqpPrzkQClay4BpSsO0=,WqjX8V8p5CGucXf/PFamK97cfmw=
-21,-3,Gg4AHYeaVqpPrzkQClay4BpSsO0=,rytHhSDBfW4PJQ2SLhPW4QsNjJo=
-21,-1,Gg4AHYeaVqpPrzkQClay4BpSsO0=,rytHhSDBfW4PJQ2SLhPW4QsNjJo=
-20,-2,Gg4AHYeaVqpPrzkQClay4BpSsO0=,WqjX8V8p5CGucXf/PFamK97cfmw=
-20,-1,Gg4AHYeaVqpPrzkQClay4BpSsO0=,WqjX8V8p5CGucXf/PFamK97cfmw=
-18,-1,Gg4AHYeaVqpPrzkQClay4BpSsO0=,zff+fCihFcmHh4jnGR6epshbFkE=
-17,-2,Gg4AHYeaVqpPrzkQClay4BpSsO0=,zff+fCihFcmHh4jnGR6epshbFkE=
-19,-1,Gg4AHYeaVqpPrzkQClay4BpSsO0=,WqjX8V8p5CGucXf/PFamK97cfmw=
-18,-2,Gg4AHYeaVqpPrzkQClay4BpSsO0=,zff+fCihFcmHh4jnGR6epshbFkE=
-19,-3,Gg4AHYeaVqpPrzkQClay4BpSsO0=,WqjX8V8p5CGucXf/PFamK97cfmw=
-17,-3,Gg4AHYeaVqpPrzkQClay4BpSsO0=,zff+fCihFcmHh4jnGR6epshbFkE=
-19,-2,Gg4AHYeaVqpPrzkQClay4BpSsO0=,WqjX8V8p5CGucXf/PFamK97cfmw=
-18,-3,Gg4AHYeaVqpPrzkQClay4BpSsO0=,zff+fCihFcmHh4jnGR6epshbFkE=
-18,-11,Sb3MXFxdvHQw7byqiZ+pa13+iJo=,vym3dlr6VZUMU8wC0wnVQAYcnc8=
-19,-10,Sb3MXFxdvHQw7byqiZ+pa13+iJo=,+TDfnjjZugGra9lUca0vnjxFOo8=
-19,-11,Sb3MXFxdvHQw7byqiZ+pa13+iJo=,+TDfnjjZugGra9lUca0vnjxFOo8=
-18,-10,Sb3MXFxdvHQw7byqiZ+pa13+iJo=,+cF9Cvfi16EC/usmcuHoyxxaNsU=
-17,-10,Sb3MXFxdvHQw7byqiZ+pa13+iJo=,+cF9Cvfi16EC/usmcuHoyxxaNsU=
-17,-11,Sb3MXFxdvHQw7byqiZ+pa13+iJo=,vym3dlr6VZUMU8wC0wnVQAYcnc8=
-20,-16,Sb3MXFxdvHQw7byqiZ+pa13+iJo=,H5eqMe1FIq6OsJTTGmVVzciqCVA=
-20,-15,Sb3MXFxdvHQw7byqiZ+pa13+iJo=,H5eqMe1FIq6OsJTTGmVVzciqCVA=
-20,-14,Sb3MXFxdvHQw7byqiZ+pa13+iJo=,+TDfnjjZugGra9lUca0vnjxFOo8=
-20,-12,Sb3MXFxdvHQw7byqiZ+pa13+iJo=,+TDfnjjZugGra9lUca0vnjxFOo8=
-20,-13,Sb3MXFxdvHQw7byqiZ+pa13+iJo=,+TDfnjjZugGra9lUca0vnjxFOo8=
-19,-13,Sb3MXFxdvHQw7byqiZ+pa13+iJo=,+TDfnjjZugGra9lUca0vnjxFOo8=
-18,-12,Sb3MXFxdvHQw7byqiZ+pa13+iJo=,vym3dlr6VZUMU8wC0wnVQAYcnc8=
-17,-12,Sb3MXFxdvHQw7byqiZ+pa13+iJo=,vym3dlr6VZUMU8wC0wnVQAYcnc8=
-17,-13,Sb3MXFxdvHQw7byqiZ+pa13+iJo=,vym3dlr6VZUMU8wC0wnVQAYcnc8=
-19,-12,Sb3MXFxdvHQw7byqiZ+pa13+iJo=,+TDfnjjZugGra9lUca0vnjxFOo8=
-21,-10,Sb3MXFxdvHQw7byqiZ+pa13+iJo=,+TDfnjjZugGra9lUca0vnjxFOo8=
-23,-8,Sb3MXFxdvHQw7byqiZ+pa13+iJo=,+TDfnjjZugGra9lUca0vnjxFOo8=
-22,-2,Sb3MXFxdvHQw7byqiZ+pa13+iJo=,rytHhSDBfW4PJQ2SLhPW4QsNjJo=
-22,-3,Sb3MXFxdvHQw7byqiZ+pa13+iJo=,rytHhSDBfW4PJQ2SLhPW4QsNjJo=
-22,-10,Sb3MXFxdvHQw7byqiZ+pa13+iJo=,+TDfnjjZugGra9lUca0vnjxFOo8=
-24,-8,Sb3MXFxdvHQw7byqiZ+pa13+iJo=,+TDfnjjZugGra9lUca0vnjxFOo8=
-22,-1,Sb3MXFxdvHQw7byqiZ+pa13+iJo=,rytHhSDBfW4PJQ2SLhPW4QsNjJo=
-18,-13,Sb3MXFxdvHQw7byqiZ+pa13+iJo=,vym3dlr6VZUMU8wC0wnVQAYcnc8=
-21,-8,Sb3MXFxdvHQw7byqiZ+pa13+iJo=,+TDfnjjZugGra9lUca0vnjxFOo8=
-22,-7,Sb3MXFxdvHQw7byqiZ+pa13+iJo=,+TDfnjjZugGra9lUca0vnjxFOo8=
-17,-1,Sb3MXFxdvHQw7byqiZ+pa13+iJo=,zff+fCihFcmHh4jnGR6epshbFkE=
-22,-5,Sb3MXFxdvHQw7byqiZ+pa13+iJo=,rytHhSDBfW4PJQ2SLhPW4QsNjJo=
-24,-6,Sb3MXFxdvHQw7byqiZ+pa13+iJo=,+TDfnjjZugGra9lUca0vnjxFOo8=
-24,-5,Sb3MXFxdvHQw7byqiZ+pa13+iJo=,+TDfnjjZugGra9lUca0vnjxFOo8=
-22,-4,Sb3MXFxdvHQw7byqiZ+pa13+iJo=,rytHhSDBfW4PJQ2SLhPW4QsNjJo=
-24,-7,Sb3MXFxdvHQw7byqiZ+pa13+iJo=,+TDfnjjZugGra9lUca0vnjxFOo8=
-23,-7,Sb3MXFxdvHQw7byqiZ+pa13+iJo=,+TDfnjjZugGra9lUca0vnjxFOo8=
-23,-5,Sb3MXFxdvHQw7byqiZ+pa13+iJo=,+TDfnjjZugGra9lUca0vnjxFOo8=
-23,-6,Sb3MXFxdvHQw7byqiZ+pa13+iJo=,+TDfnjjZugGra9lUca0vnjxFOo8=
-22,-6,Sb3MXFxdvHQw7byqiZ+pa13+iJo=,rytHhSDBfW4PJQ2SLhPW4QsNjJo=
-20,-9,Sb3MXFxdvHQw7byqiZ+pa13+iJo=,+TDfnjjZugGra9lUca0vnjxFOo8=
-22,-8,Sb3MXFxdvHQw7byqiZ+pa13+iJo=,+TDfnjjZugGra9lUca0vnjxFOo8=
-20,-11,Sb3MXFxdvHQw7byqiZ+pa13+iJo=,+TDfnjjZugGra9lUca0vnjxFOo8=
-22,-9,Sb3MXFxdvHQw7byqiZ+pa13+iJo=,+TDfnjjZugGra9lUca0vnjxFOo8=
-20,-10,Sb3MXFxdvHQw7byqiZ+pa13+iJo=,+TDfnjjZugGra9lUca0vnjxFOo8=
-21,-9,Sb3MXFxdvHQw7byqiZ+pa13+iJo=,+TDfnjjZugGra9lUca0vnjxFOo8=
-20,-8,Sb3MXFxdvHQw7byqiZ+pa13+iJo=,MC5b8nnnTOXn909MztRM/elfVjQ=
-18,-14,Sb3MXFxdvHQw7byqiZ+pa13+iJo=,vym3dlr6VZUMU8wC0wnVQAYcnc8=
-19,-16,Sb3MXFxdvHQw7byqiZ+pa13+iJo=,H5eqMe1FIq6OsJTTGmVVzciqCVA=
-19,-15,Sb3MXFxdvHQw7byqiZ+pa13+iJo=,H5eqMe1FIq6OsJTTGmVVzciqCVA=
-17,-16,Sb3MXFxdvHQw7byqiZ+pa13+iJo=,+9kY4ioJIdpGpkGC3La89hCKqsY=
-18,-16,Sb3MXFxdvHQw7byqiZ+pa13+iJo=,+9kY4ioJIdpGpkGC3La89hCKqsY=
-17,-15,Sb3MXFxdvHQw7byqiZ+pa13+iJo=,+9kY4ioJIdpGpkGC3La89hCKqsY=
-17,-14,Sb3MXFxdvHQw7byqiZ+pa13+iJo=,vym3dlr6VZUMU8wC0wnVQAYcnc8=
-18,-15,Sb3MXFxdvHQw7byqiZ+pa13+iJo=,+9kY4ioJIdpGpkGC3La89hCKqsY=
-19,-14,Sb3MXFxdvHQw7byqiZ+pa13+iJo=,+TDfnjjZugGra9lUca0vnjxFOo8=
