18,-11,VrS8z424Z3zXM7CVQy+wlXwsku8=,IhxBMbA5rAcN/MAIWFrGcuDA1cM=
17,-10,VrS8z424Z3zXM7CVQy+wlXwsku8=,VPgJx3otA1PVpoqN9JSCK2HJ2+U=
17,-11,VrS8z424Z3zXM7CVQy+wlXwsku8=,e8oVtKo0qoAKpB/NlYszC+nx8Xo=
18,-10,VrS8z424Z3zXM7CVQy+wlXwsku8=,IhxBMbA5rAcN/MAIWFrGcuDA1cM=
17,-9,VrS8z424Z3zXM7CVQy+wlXwsku8=,VPgJx3otA1PVpoqN9JSCK2HJ2+U=
18,-8,VrS8z424Z3zXM7CVQy+wlXwsku8=,VPgJx3otA1PVpoqN9JSCK2HJ2+U=
18,-9,VrS8z424Z3zXM7CVQy+wlXwsku8=,IhxBMbA5rAcN/MAIWFrGcuDA1cM=
17,-8,VrS8z424Z3zXM7CVQy+wlXwsku8=,VPgJx3otA1PVpoqN9JSCK2HJ2+U=
18,-6,VrS8z424Z3zXM7CVQy+wlXwsku8=,VPgJx3otA1PVpoqN9JSCK2HJ2+U=
17,-7,VrS8z424Z3zXM7CVQy+wlXwsku8=,VPgJx3otA1PVpoqN9JSCK2HJ2+U=
17,-6,VrS8z424Z3zXM7CVQy+wlXwsku8=,VPgJx3otA1PVpoqN9JSCK2HJ2+U=
18,-7,VrS8z424Z3zXM7CVQy+wlXwsku8=,VPgJx3otA1PVpoqN9JSCK2HJ2+U=
18,-5,VrS8z424Z3zXM7CVQy+wlXwsku8=,VPgJx3otA1PVpoqN9JSCK2HJ2+U=
18,-4,VrS8z424Z3zXM7CVQy+wlXwsku8=,VPgJx3otA1PVpoqN9JSCK2HJ2+U=
17,-5,VrS8z424Z3zXM7CVQy+wlXwsku8=,VPgJx3otA1PVpoqN9JSCK2HJ2+U=
17,-4,VrS8z424Z3zXM7CVQy+wlXwsku8=,VPgJx3otA1PVpoqN9JSCK2HJ2+U=
19,-6,VrS8z424Z3zXM7CVQy+wlXwsku8=,VPgJx3otA1PVpoqN9JSCK2HJ2+U=
20,-6,VrS8z424Z3zXM7CVQy+wlXwsku8=,duTa2Y9Ov15nxD2l0/xHBv2TQxg=
19,-7,VrS8z424Z3zXM7CVQy+wlXwsku8=,VPgJx3otA1PVpoqN9JSCK2HJ2+U=
20,-7,VrS8z424Z3zXM7CVQy+wlXwsku8=,duTa2Y9Ov15nxD2l0/xHBv2TQxg=
20,-11,VrS8z424Z3zXM7CVQy+wlXwsku8=,duTa2Y9Ov15nxD2l0/xHBv2TQxg=
19,-10,VrS8z424Z3zXM7CVQy+wlXwsku8=,IhxBMbA5rAcN/MAIWFrGcuDA1cM=
20,-10,VrS8z424Z3zXM7CVQy+wlXwsku8=,duTa2Y9Ov15nxD2l0/xHBv2TQxg=
20,-8,VrS8z424Z3zXM7CVQy+wlXwsku8=,duTa2Y9Ov15nxD2l0/xHBv2TQxg=
20,-9,VrS8z424Z3zXM7CVQy+wlXwsku8=,duTa2Y9Ov15nxD2l0/xHBv2TQxg=
19,-9,VrS8z424Z3zXM7CVQy+wlXwsku8=,IhxBMbA5rAcN/MAIWFrGcuDA1cM=
19,-11,VrS8z424Z3zXM7CVQy+wlXwsku8=,IhxBMbA5rAcN/MAIWFrGcuDA1cM=
19,-8,VrS8z424Z3zXM7CVQy+wlXwsku8=,VPgJx3otA1PVpoqN9JSCK2HJ2+U=
22,-9,VrS8z424Z3zXM7CVQy+wlXwsku8=,duTa2Y9Ov15nxD2l0/xHBv2TQxg=
21,-8,VrS8z424Z3zXM7CVQy+wlXwsku8=,duTa2Y9Ov15nxD2l0/xHBv2TQxg=
21,-9,VrS8z424Z3zXM7CVQy+wlXwsku8=,duTa2Y9Ov15nxD2l0/xHBv2TQxg=
22,-8,VrS8z424Z3zXM7CVQy+wlXwsku8=,duTa2Y9Ov15nxD2l0/xHBv2TQxg=
21,-10,VrS8z424Z3zXM7CVQy+wlXwsku8=,duTa2Y9Ov15nxD2l0/xHBv2TQxg=
22,-10,VrS8z424Z3zXM7CVQy+wlXwsku8=,duTa2Y9Ov15nxD2l0/xHBv2TQxg=
21,-11,VrS8z424Z3zXM7CVQy+wlXwsku8=,duTa2Y9Ov15nxD2l0/xHBv2TQxg=
22,-11,VrS8z424Z3zXM7CVQy+wlXwsku8=,duTa2Y9Ov15nxD2l0/xHBv2TQxg=
24,-14,VrS8z424Z3zXM7CVQy+wlXwsku8=,duTa2Y9Ov15nxD2l0/xHBv2TQxg=
24,-10,VrS8z424Z3zXM7CVQy+wlXwsku8=,duTa2Y9Ov15nxD2l0/xHBv2TQxg=
23,-14,VrS8z424Z3zXM7CVQy+wlXwsku8=,duTa2Y9Ov15nxD2l0/xHBv2TQxg=
23,-13,VrS8z424Z3zXM7CVQy+wlXwsku8=,duTa2Y9Ov15nxD2l0/xHBv2TQxg=
23,-11,VrS8z424Z3zXM7CVQy+wlXwsku8=,duTa2Y9Ov15nxD2l0/xHBv2TQxg=
24,-12,VrS8z424Z3zXM7CVQy+wlXwsku8=,duTa2Y9Ov15nxD2l0/xHBv2TQxg=
27,-11,VrS8z424Z3zXM7CVQy+wlXwsku8=,duTa2Y9Ov15nxD2l0/xHBv2TQxg=
27,-10,VrS8z424Z3zXM7CVQy+wlXwsku8=,duTa2Y9Ov15nxD2l0/xHBv2TQxg=
26,-10,VrS8z424Z3zXM7CVQy+wlXwsku8=,duTa2Y9Ov15nxD2l0/xHBv2TQxg=
25,-10,VrS8z424Z3zXM7CVQy+wlXwsku8=,duTa2Y9Ov15nxD2l0/xHBv2TQxg=
23,-12,VrS8z424Z3zXM7CVQy+wlXwsku8=,duTa2Y9Ov15nxD2l0/xHBv2TQxg=
27,-13,VrS8z424Z3zXM7CVQy+wlXwsku8=,duTa2Y9Ov15nxD2l0/xHBv2TQxg=
27,-12,VrS8z424Z3zXM7CVQy+wlXwsku8=,duTa2Y9Ov15nxD2l0/xHBv2TQxg=
24,-13,VrS8z424Z3zXM7CVQy+wlXwsku8=,duTa2Y9Ov15nxD2l0/xHBv2TQxg=
26,-14,VrS8z424Z3zXM7CVQy+wlXwsku8=,duTa2Y9Ov15nxD2l0/xHBv2TQxg=
26,-11,VrS8z424Z3zXM7CVQy+wlXwsku8=,duTa2Y9Ov15nxD2l0/xHBv2TQxg=
23,-10,VrS8z424Z3zXM7CVQy+wlXwsku8=,duTa2Y9Ov15nxD2l0/xHBv2TQxg=
24,-11,VrS8z424Z3zXM7CVQy+wlXwsku8=,duTa2Y9Ov15nxD2l0/xHBv2TQxg=
26,-13,VrS8z424Z3zXM7CVQy+wlXwsku8=,duTa2Y9Ov15nxD2l0/xHBv2TQxg=
25,-8,VrS8z424Z3zXM7CVQy+wlXwsku8=,duTa2Y9Ov15nxD2l0/xHBv2TQxg=
24,-8,VrS8z424Z3zXM7CVQy+wlXwsku8=,duTa2Y9Ov15nxD2l0/xHBv2TQxg=
24,-7,VrS8z424Z3zXM7CVQy+wlXwsku8=,duTa2Y9Ov15nxD2l0/xHBv2TQxg=
22,-7,VrS8z424Z3zXM7CVQy+wlXwsku8=,duTa2Y9Ov15nxD2l0/xHBv2TQxg=
24,-9,VrS8z424Z3zXM7CVQy+wlXwsku8=,duTa2Y9Ov15nxD2l0/xHBv2TQxg=
26,-12,VrS8z424Z3zXM7CVQy+wlXwsku8=,duTa2Y9Ov15nxD2l0/xHBv2TQxg=
25,-9,VrS8z424Z3zXM7CVQy+wlXwsku8=,duTa2Y9Ov15nxD2l0/xHBv2TQxg=
23,-7,VrS8z424Z3zXM7CVQy+wlXwsku8=,duTa2Y9Ov15nxD2l0/xHBv2TQxg=
26,-9,VrS8z424Z3zXM7CVQy+wlXwsku8=,duTa2Y9Ov15nxD2l0/xHBv2TQxg=
21,-6,VrS8z424Z3zXM7CVQy+wlXwsku8=,duTa2Y9Ov15nxD2l0/xHBv2TQxg=
25,-14,VrS8z424Z3zXM7CVQy+wlXwsku8=,duTa2Y9Ov15nxD2l0/xHBv2TQxg=
20,-4,VrS8z424Z3zXM7CVQy+wlXwsku8=,duTa2Y9Ov15nxD2l0/xHBv2TQxg=
19,-4,VrS8z424Z3zXM7CVQy+wlXwsku8=,VPgJx3otA1PVpoqN9JSCK2HJ2+U=
21,-7,VrS8z424Z3zXM7CVQy+wlXwsku8=,duTa2Y9Ov15nxD2l0/xHBv2TQxg=
23,-8,VrS8z424Z3zXM7CVQy+wlXwsku8=,duTa2Y9Ov15nxD2l0/xHBv2TQxg=
20,-5,VrS8z424Z3zXM7CVQy+wlXwsku8=,duTa2Y9Ov15nxD2l0/xHBv2TQxg=
25,-11,VrS8z424Z3zXM7CVQy+wlXwsku8=,duTa2Y9Ov15nxD2l0/xHBv2TQxg=
25,-13,VrS8z424Z3zXM7CVQy+wlXwsku8=,duTa2Y9Ov15nxD2l0/xHBv2TQxg=
25,-12,VrS8z424Z3zXM7CVQy+wlXwsku8=,duTa2Y9Ov15nxD2l0/xHBv2TQxg=
23,-9,VrS8z424Z3zXM7CVQy+wlXwsku8=,duTa2Y9Ov15nxD2l0/xHBv2TQxg=
19,-5,VrS8z424Z3zXM7CVQy+wlXwsku8=,VPgJx3otA1PVpoqN9JSCK2HJ2+U=
19,-3,VrS8z424Z3zXM7CVQy+wlXwsku8=,VPgJx3otA1PVpoqN9JSCK2HJ2+U=
20,-3,VrS8z424Z3zXM7CVQy+wlXwsku8=,duTa2Y9Ov15nxD2l0/xHBv2TQxg=
16,-5,VrS8z424Z3zXM7CVQy+wlXwsku8=,VPgJx3otA1PVpoqN9JSCK2HJ2+U=
16,-6,VrS8z424Z3zXM7CVQy+wlXwsku8=,VPgJx3otA1PVpoqN9JSCK2HJ2+U=
19,-2,VrS8z424Z3zXM7CVQy+wlXwsku8=,VPgJx3otA1PVpoqN9JSCK2HJ2+U=
16,-7,VrS8z424Z3zXM7CVQy+wlXwsku8=,VPgJx3otA1PVpoqN9JSCK2HJ2+U=
16,-8,VrS8z424Z3zXM7CVQy+wlXwsku8=,VPgJx3otA1PVpoqN9JSCK2HJ2+U=
16,-10,VrS8z424Z3zXM7CVQy+wlXwsku8=,VPgJx3otA1PVpoqN9JSCK2HJ2+U=
16,-11,VrS8z424Z3zXM7CVQy+wlXwsku8=,e8oVtKo0qoAKpB/NlYszC+nx8Xo=
16,-9,VrS8z424Z3zXM7CVQy+wlXwsku8=,VPgJx3otA1PVpoqN9JSCK2HJ2+U=
16,-4,VrS8z424Z3zXM7CVQy+wlXwsku8=,VPgJx3otA1PVpoqN9JSCK2HJ2+U=
18,-12,VrS8z424Z3zXM7CVQy+wlXwsku8=,IhxBMbA5rAcN/MAIWFrGcuDA1cM=
17,-12,VrS8z424Z3zXM7CVQy+wlXwsku8=,e8oVtKo0qoAKpB/NlYszC+nx8Xo=
17,-13,VrS8z424Z3zXM7CVQy+wlXwsku8=,e8oVtKo0qoAKpB/NlYszC+nx8Xo=
18,-13,VrS8z424Z3zXM7CVQy+wlXwsku8=,e8oVtKo0qoAKpB/NlYszC+nx8Xo=
18,-2,VrS8z424Z3zXM7CVQy+wlXwsku8=,VPgJx3otA1PVpoqN9JSCK2HJ2+U=
18,-1,VrS8z424Z3zXM7CVQy+wlXwsku8=,VPgJx3otA1PVpoqN9JSCK2HJ2+U=
18,-3,VrS8z424Z3zXM7CVQy+wlXwsku8=,VPgJx3otA1PVpoqN9JSCK2HJ2+U=
16,-3,VrS8z424Z3zXM7CVQy+wlXwsku8=,VPgJx3otA1PVpoqN9JSCK2HJ2+U=
17,-3,VrS8z424Z3zXM7CVQy+wlXwsku8=,VPgJx3otA1PVpoqN9JSCK2HJ2+U=
16,-2,VrS8z424Z3zXM7CVQy+wlXwsku8=,VPgJx3otA1PVpoqN9JSCK2HJ2+U=
19,-12,VrS8z424Z3zXM7CVQy+wlXwsku8=,IhxBMbA5rAcN/MAIWFrGcuDA1cM=
17,-2,VrS8z424Z3zXM7CVQy+wlXwsku8=,VPgJx3otA1PVpoqN9JSCK2HJ2+U=
17,-1,VrS8z424Z3zXM7CVQy+wlXwsku8=,VPgJx3otA1PVpoqN9JSCK2HJ2+U=
22,-12,VrS8z424Z3zXM7CVQy+wlXwsku8=,duTa2Y9Ov15nxD2l0/xHBv2TQxg=
22,-13,VrS8z424Z3zXM7CVQy+wlXwsku8=,duTa2Y9Ov15nxD2l0/xHBv2TQxg=
22,-14,VrS8z424Z3zXM7CVQy+wlXwsku8=,duTa2Y9Ov15nxD2l0/xHBv2TQxg=
20,-16,VrS8z424Z3zXM7CVQy+wlXwsku8=,pb4KNB2FRcJJHysHLtZNbH6V+Lk=
20,-15,VrS8z424Z3zXM7CVQy+wlXwsku8=,pb4KNB2FRcJJHysHLtZNbH6V+Lk=
21,-15,VrS8z424Z3zXM7CVQy+wlXwsku8=,pb4KNB2FRcJJHysHLtZNbH6V+Lk=
19,-14,VrS8z424Z3zXM7CVQy+wlXwsku8=,e8oVtKo0qoAKpB/NlYszC+nx8Xo=
19,-15,VrS8z424Z3zXM7CVQy+wlXwsku8=,e8oVtKo0qoAKpB/NlYszC+nx8Xo=
16,-12,VrS8z424Z3zXM7CVQy+wlXwsku8=,e8oVtKo0qoAKpB/NlYszC+nx8Xo=
20,-12,VrS8z424Z3zXM7CVQy+wlXwsku8=,duTa2Y9Ov15nxD2l0/xHBv2TQxg=
21,-12,VrS8z424Z3zXM7CVQy+wlXwsku8=,duTa2Y9Ov15nxD2l0/xHBv2TQxg=
19,-13,VrS8z424Z3zXM7CVQy+wlXwsku8=,e8oVtKo0qoAKpB/NlYszC+nx8Xo=
21,-4,VrS8z424Z3zXM7CVQy+wlXwsku8=,duTa2Y9Ov15nxD2l0/xHBv2TQxg=
21,-5,VrS8z424Z3zXM7CVQy+wlXwsku8=,duTa2Y9Ov15nxD2l0/xHBv2TQxg=
21,-3,VrS8z424Z3zXM7CVQy+wlXwsku8=,duTa2Y9Ov15nxD2l0/xHBv2TQxg=
27,-9,VrS8z424Z3zXM7CVQy+wlXwsku8=,duTa2Y9Ov15nxD2l0/xHBv2TQxg=
21,-16,VrS8z424Z3zXM7CVQy+wlXwsku8=,pb4KNB2FRcJJHysHLtZNbH6V+Lk=
19,-1,VrS8z424Z3zXM7CVQy+wlXwsku8=,VPgJx3otA1PVpoqN9JSCK2HJ2+U=
27,-14,VrS8z424Z3zXM7CVQy+wlXwsku8=,duTa2Y9Ov15nxD2l0/xHBv2TQxg=
25,-7,VrS8z424Z3zXM7CVQy+wlXwsku8=,duTa2Y9Ov15nxD2l0/xHBv2TQxg=
16,-1,VrS8z424Z3zXM7CVQy+wlXwsku8=,VPgJx3otA1PVpoqN9JSCK2HJ2+U=
16,-13,VrS8z424Z3zXM7CVQy+wlXwsku8=,e8oVtKo0qoAKpB/NlYszC+nx8Xo=
18,-14,VrS8z424Z3zXM7CVQy+wlXwsku8=,e8oVtKo0qoAKpB/NlYszC+nx8Xo=
19,-16,VrS8z424Z3zXM7CVQy+wlXwsku8=,e8oVtKo0qoAKpB/NlYszC+nx8Xo=
18,-16,VrS8z424Z3zXM7CVQy+wlXwsku8=,e8oVtKo0qoAKpB/NlYszC+nx8Xo=
18,-15,VrS8z424Z3zXM7CVQy+wlXwsku8=,e8oVtKo0qoAKpB/NlYszC+nx8Xo=
16,-15,VrS8z424Z3zXM7CVQy+wlXwsku8=,e8oVtKo0qoAKpB/NlYszC+nx8Xo=
17,-15,VrS8z424Z3zXM7CVQy+wlXwsku8=,e8oVtKo0qoAKpB/NlYszC+nx8Xo=
16,-14,VrS8z424Z3zXM7CVQy+wlXwsku8=,e8oVtKo0qoAKpB/NlYszC+nx8Xo=
17,-16,VrS8z424Z3zXM7CVQy+wlXwsku8=,e8oVtKo0qoAKpB/NlYszC+nx8Xo=
16,-16,VrS8z424Z3zXM7CVQy+wlXwsku8=,e8oVtKo0qoAKpB/NlYszC+nx8Xo=
17,-14,VrS8z424Z3zXM7CVQy+wlXwsku8=,e8oVtKo0qoAKpB/NlYszC+nx8Xo=
21,-22,CAGaoibFVJrTEtH82CLvccFfRhM=,pb4KNB2FRcJJHysHLtZNbH6V+Lk=
21,-20,CAGaoibFVJrTEtH82CLvccFfRhM=,pb4KNB2FRcJJHysHLtZNbH6V+Lk=
21,-21,CAGaoibFVJrTEtH82CLvccFfRhM=,pb4KNB2FRcJJHysHLtZNbH6V+Lk=
21,-19,CAGaoibFVJrTEtH82CLvccFfRhM=,pb4KNB2FRcJJHysHLtZNbH6V+Lk=
20,-22,CAGaoibFVJrTEtH82CLvccFfRhM=,pb4KNB2FRcJJHysHLtZNbH6V+Lk=
21,-18,CAGaoibFVJrTEtH82CLvccFfRhM=,pb4KNB2FRcJJHysHLtZNbH6V+Lk=
16,-20,CAGaoibFVJrTEtH82CLvccFfRhM=,e8oVtKo0qoAKpB/NlYszC+nx8Xo=
21,-17,CAGaoibFVJrTEtH82CLvccFfRhM=,pb4KNB2FRcJJHysHLtZNbH6V+Lk=
18,-22,CAGaoibFVJrTEtH82CLvccFfRhM=,e8oVtKo0qoAKpB/NlYszC+nx8Xo=
19,-22,CAGaoibFVJrTEtH82CLvccFfRhM=,e8oVtKo0qoAKpB/NlYszC+nx8Xo=
20,-20,CAGaoibFVJrTEtH82CLvccFfRhM=,pb4KNB2FRcJJHysHLtZNbH6V+Lk=
18,-20,CAGaoibFVJrTEtH82CLvccFfRhM=,e8oVtKo0qoAKpB/NlYszC+nx8Xo=
19,-20,CAGaoibFVJrTEtH82CLvccFfRhM=,e8oVtKo0qoAKpB/NlYszC+nx8Xo=
18,-21,CAGaoibFVJrTEtH82CLvccFfRhM=,e8oVtKo0qoAKpB/NlYszC+nx8Xo=
17,-20,CAGaoibFVJrTEtH82CLvccFfRhM=,e8oVtKo0qoAKpB/NlYszC+nx8Xo=
19,-21,CAGaoibFVJrTEtH82CLvccFfRhM=,e8oVtKo0qoAKpB/NlYszC+nx8Xo=
20,-21,CAGaoibFVJrTEtH82CLvccFfRhM=,pb4KNB2FRcJJHysHLtZNbH6V+Lk=
20,-17,CAGaoibFVJrTEtH82CLvccFfRhM=,pb4KNB2FRcJJHysHLtZNbH6V+Lk=
20,-18,CAGaoibFVJrTEtH82CLvccFfRhM=,pb4KNB2FRcJJHysHLtZNbH6V+Lk=
19,-17,CAGaoibFVJrTEtH82CLvccFfRhM=,e8oVtKo0qoAKpB/NlYszC+nx8Xo=
19,-19,CAGaoibFVJrTEtH82CLvccFfRhM=,e8oVtKo0qoAKpB/NlYszC+nx8Xo=
20,-19,CAGaoibFVJrTEtH82CLvccFfRhM=,pb4KNB2FRcJJHysHLtZNbH6V+Lk=
19,-18,CAGaoibFVJrTEtH82CLvccFfRhM=,e8oVtKo0qoAKpB/NlYszC+nx8Xo=
16,-18,CAGaoibFVJrTEtH82CLvccFfRhM=,e8oVtKo0qoAKpB/NlYszC+nx8Xo=
17,-19,CAGaoibFVJrTEtH82CLvccFfRhM=,e8oVtKo0qoAKpB/NlYszC+nx8Xo=
16,-19,CAGaoibFVJrTEtH82CLvccFfRhM=,e8oVtKo0qoAKpB/NlYszC+nx8Xo=
17,-18,CAGaoibFVJrTEtH82CLvccFfRhM=,e8oVtKo0qoAKpB/NlYszC+nx8Xo=
18,-19,CAGaoibFVJrTEtH82CLvccFfRhM=,e8oVtKo0qoAKpB/NlYszC+nx8Xo=
17,-17,CAGaoibFVJrTEtH82CLvccFfRhM=,e8oVtKo0qoAKpB/NlYszC+nx8Xo=
16,-17,CAGaoibFVJrTEtH82CLvccFfRhM=,e8oVtKo0qoAKpB/NlYszC+nx8Xo=
18,-17,CAGaoibFVJrTEtH82CLvccFfRhM=,e8oVtKo0qoAKpB/NlYszC+nx8Xo=
18,-18,CAGaoibFVJrTEtH82CLvccFfRhM=,e8oVtKo0qoAKpB/NlYszC+nx8Xo=
1,-19,HiB+7YT49UeC1K5YWaF3Pgy/pvw=,vym3dlr6VZUMU8wC0wnVQAYcnc8=
2,-19,HiB+7YT49UeC1K5YWaF3Pgy/pvw=,duTa2Y9Ov15nxD2l0/xHBv2TQxg=
1,-18,HiB+7YT49UeC1K5YWaF3Pgy/pvw=,vym3dlr6VZUMU8wC0wnVQAYcnc8=
2,-18,HiB+7YT49UeC1K5YWaF3Pgy/pvw=,duTa2Y9Ov15nxD2l0/xHBv2TQxg=
4,-18,HiB+7YT49UeC1K5YWaF3Pgy/pvw=,l3oNZYn+gBJUI8yeNMjNgFzfmRM=
4,-19,HiB+7YT49UeC1K5YWaF3Pgy/pvw=,OK/rQjjuA+i38SRnYewCVix8NUk=
3,-19,HiB+7YT49UeC1K5YWaF3Pgy/pvw=,duTa2Y9Ov15nxD2l0/xHBv2TQxg=
3,-18,HiB+7YT49UeC1K5YWaF3Pgy/pvw=,duTa2Y9Ov15nxD2l0/xHBv2TQxg=
6,-19,HiB+7YT49UeC1K5YWaF3Pgy/pvw=,j5vm86nMgeC4+dycoQfZlbUn71U=
6,-18,HiB+7YT49UeC1K5YWaF3Pgy/pvw=,j5vm86nMgeC4+dycoQfZlbUn71U=
5,-19,HiB+7YT49UeC1K5YWaF3Pgy/pvw=,OK/rQjjuA+i38SRnYewCVix8NUk=
5,-18,HiB+7YT49UeC1K5YWaF3Pgy/pvw=,l3oNZYn+gBJUI8yeNMjNgFzfmRM=
7,-19,HiB+7YT49UeC1K5YWaF3Pgy/pvw=,j5vm86nMgeC4+dycoQfZlbUn71U=
8,-18,HiB+7YT49UeC1K5YWaF3Pgy/pvw=,j5vm86nMgeC4+dycoQfZlbUn71U=
8,-19,HiB+7YT49UeC1K5YWaF3Pgy/pvw=,j5vm86nMgeC4+dycoQfZlbUn71U=
7,-18,HiB+7YT49UeC1K5YWaF3Pgy/pvw=,j5vm86nMgeC4+dycoQfZlbUn71U=
10,-18,HiB+7YT49UeC1K5YWaF3Pgy/pvw=,j5vm86nMgeC4+dycoQfZlbUn71U=
9,-19,HiB+7YT49UeC1K5YWaF3Pgy/pvw=,j5vm86nMgeC4+dycoQfZlbUn71U=
9,-18,HiB+7YT49UeC1K5YWaF3Pgy/pvw=,j5vm86nMgeC4+dycoQfZlbUn71U=
10,-19,HiB+7YT49UeC1K5YWaF3Pgy/pvw=,j5vm86nMgeC4+dycoQfZlbUn71U=
11,-25,zLLE1Xr4lj0LD/Y9L/vHBQvsnWo=,j5vm86nMgeC4+dycoQfZlbUn71U=
12,-24,zLLE1Xr4lj0LD/Y9L/vHBQvsnWo=,j5vm86nMgeC4+dycoQfZlbUn71U=
12,-25,zLLE1Xr4lj0LD/Y9L/vHBQvsnWo=,j5vm86nMgeC4+dycoQfZlbUn71U=
11,-24,zLLE1Xr4lj0LD/Y9L/vHBQvsnWo=,j5vm86nMgeC4+dycoQfZlbUn71U=
14,-23,zLLE1Xr4lj0LD/Y9L/vHBQvsnWo=,j5vm86nMgeC4+dycoQfZlbUn71U=
14,-22,zLLE1Xr4lj0LD/Y9L/vHBQvsnWo=,j5vm86nMgeC4+dycoQfZlbUn71U=
13,-23,zLLE1Xr4lj0LD/Y9L/vHBQvsnWo=,j5vm86nMgeC4+dycoQfZlbUn71U=
13,-22,zLLE1Xr4lj0LD/Y9L/vHBQvsnWo=,j5vm86nMgeC4+dycoQfZlbUn71U=
12,-22,zLLE1Xr4lj0LD/Y9L/vHBQvsnWo=,j5vm86nMgeC4+dycoQfZlbUn71U=
11,-22,zLLE1Xr4lj0LD/Y9L/vHBQvsnWo=,j5vm86nMgeC4+dycoQfZlbUn71U=
12,-23,zLLE1Xr4lj0LD/Y9L/vHBQvsnWo=,j5vm86nMgeC4+dycoQfZlbUn71U=
11,-23,zLLE1Xr4lj0LD/Y9L/vHBQvsnWo=,j5vm86nMgeC4+dycoQfZlbUn71U=
13,-20,zLLE1Xr4lj0LD/Y9L/vHBQvsnWo=,j5vm86nMgeC4+dycoQfZlbUn71U=
12,-19,zLLE1Xr4lj0LD/Y9L/vHBQvsnWo=,j5vm86nMgeC4+dycoQfZlbUn71U=
11,-18,zLLE1Xr4lj0LD/Y9L/vHBQvsnWo=,j5vm86nMgeC4+dycoQfZlbUn71U=
12,-20,zLLE1Xr4lj0LD/Y9L/vHBQvsnWo=,j5vm86nMgeC4+dycoQfZlbUn71U=
12,-18,zLLE1Xr4lj0LD/Y9L/vHBQvsnWo=,j5vm86nMgeC4+dycoQfZlbUn71U=
14,-20,zLLE1Xr4lj0LD/Y9L/vHBQvsnWo=,j5vm86nMgeC4+dycoQfZlbUn71U=
13,-21,zLLE1Xr4lj0LD/Y9L/vHBQvsnWo=,j5vm86nMgeC4+dycoQfZlbUn71U=
14,-21,zLLE1Xr4lj0LD/Y9L/vHBQvsnWo=,j5vm86nMgeC4+dycoQfZlbUn71U=
12,-21,zLLE1Xr4lj0LD/Y9L/vHBQvsnWo=,j5vm86nMgeC4+dycoQfZlbUn71U=
11,-21,zLLE1Xr4lj0LD/Y9L/vHBQvsnWo=,j5vm86nMgeC4+dycoQfZlbUn71U=
11,-19,zLLE1Xr4lj0LD/Y9L/vHBQvsnWo=,j5vm86nMgeC4+dycoQfZlbUn71U=
11,-20,zLLE1Xr4lj0LD/Y9L/vHBQvsnWo=,j5vm86nMgeC4+dycoQfZlbUn71U=
0,-18,zLLE1Xr4lj0LD/Y9L/vHBQvsnWo=,vym3dlr6VZUMU8wC0wnVQAYcnc8=
0,-19,zLLE1Xr4lj0LD/Y9L/vHBQvsnWo=,vym3dlr6VZUMU8wC0wnVQAYcnc8=
4,-20,zLLE1Xr4lj0LD/Y9L/vHBQvsnWo=,OK/rQjjuA+i38SRnYewCVix8NUk=
3,-20,zLLE1Xr4lj0LD/Y9L/vHBQvsnWo=,duTa2Y9Ov15nxD2l0/xHBv2TQxg=
5,-17,zLLE1Xr4lj0LD/Y9L/vHBQvsnWo=,l3oNZYn+gBJUI8yeNMjNgFzfmRM=
0,-17,zLLE1Xr4lj0LD/Y9L/vHBQvsnWo=,vym3dlr6VZUMU8wC0wnVQAYcnc8=
4,-17,zLLE1Xr4lj0LD/Y9L/vHBQvsnWo=,l3oNZYn+gBJUI8yeNMjNgFzfmRM=
3,-17,zLLE1Xr4lj0LD/Y9L/vHBQvsnWo=,duTa2Y9Ov15nxD2l0/xHBv2TQxg=
1,-17,zLLE1Xr4lj0LD/Y9L/vHBQvsnWo=,vym3dlr6VZUMU8wC0wnVQAYcnc8=
2,-17,zLLE1Xr4lj0LD/Y9L/vHBQvsnWo=,duTa2Y9Ov15nxD2l0/xHBv2TQxg=
7,-17,zLLE1Xr4lj0LD/Y9L/vHBQvsnWo=,j5vm86nMgeC4+dycoQfZlbUn71U=
6,-17,zLLE1Xr4lj0LD/Y9L/vHBQvsnWo=,j5vm86nMgeC4+dycoQfZlbUn71U=
8,-17,zLLE1Xr4lj0LD/Y9L/vHBQvsnWo=,j5vm86nMgeC4+dycoQfZlbUn71U=
11,-17,zLLE1Xr4lj0LD/Y9L/vHBQvsnWo=,j5vm86nMgeC4+dycoQfZlbUn71U=
10,-17,zLLE1Xr4lj0LD/Y9L/vHBQvsnWo=,j5vm86nMgeC4+dycoQfZlbUn71U=
12,-17,zLLE1Xr4lj0LD/Y9L/vHBQvsnWo=,j5vm86nMgeC4+dycoQfZlbUn71U=
9,-17,zLLE1Xr4lj0LD/Y9L/vHBQvsnWo=,j5vm86nMgeC4+dycoQfZlbUn71U=
14,-19,zLLE1Xr4lj0LD/Y9L/vHBQvsnWo=,j5vm86nMgeC4+dycoQfZlbUn71U=
15,-19,zLLE1Xr4lj0LD/Y9L/vHBQvsnWo=,j5vm86nMgeC4+dycoQfZlbUn71U=
15,-18,zLLE1Xr4lj0LD/Y9L/vHBQvsnWo=,e8oVtKo0qoAKpB/NlYszC+nx8Xo=
13,-19,zLLE1Xr4lj0LD/Y9L/vHBQvsnWo=,j5vm86nMgeC4+dycoQfZlbUn71U=
14,-17,zLLE1Xr4lj0LD/Y9L/vHBQvsnWo=,e8oVtKo0qoAKpB/NlYszC+nx8Xo=
14,-18,zLLE1Xr4lj0LD/Y9L/vHBQvsnWo=,e8oVtKo0qoAKpB/NlYszC+nx8Xo=
13,-18,zLLE1Xr4lj0LD/Y9L/vHBQvsnWo=,j5vm86nMgeC4+dycoQfZlbUn71U=
15,-17,zLLE1Xr4lj0LD/Y9L/vHBQvsnWo=,e8oVtKo0qoAKpB/NlYszC+nx8Xo=
13,-17,zLLE1Xr4lj0LD/Y9L/vHBQvsnWo=,j5vm86nMgeC4+dycoQfZlbUn71U=
12,-26,zLLE1Xr4lj0LD/Y9L/vHBQvsnWo=,j5vm86nMgeC4+dycoQfZlbUn71U=
12,-27,zLLE1Xr4lj0LD/Y9L/vHBQvsnWo=,j5vm86nMgeC4+dycoQfZlbUn71U=
11,-26,zLLE1Xr4lj0LD/Y9L/vHBQvsnWo=,j5vm86nMgeC4+dycoQfZlbUn71U=
11,-27,zLLE1Xr4lj0LD/Y9L/vHBQvsnWo=,j5vm86nMgeC4+dycoQfZlbUn71U=
6,-20,zLLE1Xr4lj0LD/Y9L/vHBQvsnWo=,j5vm86nMgeC4+dycoQfZlbUn71U=
5,-20,zLLE1Xr4lj0LD/Y9L/vHBQvsnWo=,OK/rQjjuA+i38SRnYewCVix8NUk=
6,-21,zLLE1Xr4lj0LD/Y9L/vHBQvsnWo=,l3oNZYn+gBJUI8yeNMjNgFzfmRM=
13,-24,zLLE1Xr4lj0LD/Y9L/vHBQvsnWo=,j5vm86nMgeC4+dycoQfZlbUn71U=
13,-27,zLLE1Xr4lj0LD/Y9L/vHBQvsnWo=,j5vm86nMgeC4+dycoQfZlbUn71U=
13,-25,zLLE1Xr4lj0LD/Y9L/vHBQvsnWo=,j5vm86nMgeC4+dycoQfZlbUn71U=
14,-24,zLLE1Xr4lj0LD/Y9L/vHBQvsnWo=,j5vm86nMgeC4+dycoQfZlbUn71U=
2,-20,zLLE1Xr4lj0LD/Y9L/vHBQvsnWo=,duTa2Y9Ov15nxD2l0/xHBv2TQxg=
1,-20,zLLE1Xr4lj0LD/Y9L/vHBQvsnWo=,vym3dlr6VZUMU8wC0wnVQAYcnc8=
13,-26,zLLE1Xr4lj0LD/Y9L/vHBQvsnWo=,j5vm86nMgeC4+dycoQfZlbUn71U=
0,-20,zLLE1Xr4lj0LD/Y9L/vHBQvsnWo=,vym3dlr6VZUMU8wC0wnVQAYcnc8=
10,-28,zLLE1Xr4lj0LD/Y9L/vHBQvsnWo=,j5vm86nMgeC4+dycoQfZlbUn71U=
9,-28,zLLE1Xr4lj0LD/Y9L/vHBQvsnWo=,j5vm86nMgeC4+dycoQfZlbUn71U=
15,-20,zLLE1Xr4lj0LD/Y9L/vHBQvsnWo=,j5vm86nMgeC4+dycoQfZlbUn71U=
15,-21,zLLE1Xr4lj0LD/Y9L/vHBQvsnWo=,j5vm86nMgeC4+dycoQfZlbUn71U=
15,-22,zLLE1Xr4lj0LD/Y9L/vHBQvsnWo=,j5vm86nMgeC4+dycoQfZlbUn71U=
15,-23,zLLE1Xr4lj0LD/Y9L/vHBQvsnWo=,j5vm86nMgeC4+dycoQfZlbUn71U=
8,-28,zLLE1Xr4lj0LD/Y9L/vHBQvsnWo=,j5vm86nMgeC4+dycoQfZlbUn71U=
12,-28,zLLE1Xr4lj0LD/Y9L/vHBQvsnWo=,j5vm86nMgeC4+dycoQfZlbUn71U=
11,-28,zLLE1Xr4lj0LD/Y9L/vHBQvsnWo=,j5vm86nMgeC4+dycoQfZlbUn71U=
6,-22,zLLE1Xr4lj0LD/Y9L/vHBQvsnWo=,l3oNZYn+gBJUI8yeNMjNgFzfmRM=
6,-23,zLLE1Xr4lj0LD/Y9L/vHBQvsnWo=,j5vm86nMgeC4+dycoQfZlbUn71U=
6,-24,zLLE1Xr4lj0LD/Y9L/vHBQvsnWo=,j5vm86nMgeC4+dycoQfZlbUn71U=
13,-28,zLLE1Xr4lj0LD/Y9L/vHBQvsnWo=,j5vm86nMgeC4+dycoQfZlbUn71U=
15,-24,zLLE1Xr4lj0LD/Y9L/vHBQvsnWo=,j5vm86nMgeC4+dycoQfZlbUn71U=
8,-27,zLLE1Xr4lj0LD/Y9L/vHBQvsnWo=,j5vm86nMgeC4+dycoQfZlbUn71U=
9,-27,zLLE1Xr4lj0LD/Y9L/vHBQvsnWo=,j5vm86nMgeC4+dycoQfZlbUn71U=
8,-26,zLLE1Xr4lj0LD/Y9L/vHBQvsnWo=,j5vm86nMgeC4+dycoQfZlbUn71U=
9,-26,zLLE1Xr4lj0LD/Y9L/vHBQvsnWo=,j5vm86nMgeC4+dycoQfZlbUn71U=
10,-26,zLLE1Xr4lj0LD/Y9L/vHBQvsnWo=,j5vm86nMgeC4+dycoQfZlbUn71U=
10,-27,zLLE1Xr4lj0LD/Y9L/vHBQvsnWo=,j5vm86nMgeC4+dycoQfZlbUn71U=
8,-24,zLLE1Xr4lj0LD/Y9L/vHBQvsnWo=,j5vm86nMgeC4+dycoQfZlbUn71U=
7,-24,zLLE1Xr4lj0LD/Y9L/vHBQvsnWo=,j5vm86nMgeC4+dycoQfZlbUn71U=
8,-25,zLLE1Xr4lj0LD/Y9L/vHBQvsnWo=,j5vm86nMgeC4+dycoQfZlbUn71U=
9,-24,zLLE1Xr4lj0LD/Y9L/vHBQvsnWo=,j5vm86nMgeC4+dycoQfZlbUn71U=
9,-25,zLLE1Xr4lj0LD/Y9L/vHBQvsnWo=,j5vm86nMgeC4+dycoQfZlbUn71U=
10,-25,zLLE1Xr4lj0LD/Y9L/vHBQvsnWo=,j5vm86nMgeC4+dycoQfZlbUn71U=
7,-23,zLLE1Xr4lj0LD/Y9L/vHBQvsnWo=,j5vm86nMgeC4+dycoQfZlbUn71U=
10,-24,zLLE1Xr4lj0LD/Y9L/vHBQvsnWo=,j5vm86nMgeC4+dycoQfZlbUn71U=
7,-21,zLLE1Xr4lj0LD/Y9L/vHBQvsnWo=,l3oNZYn+gBJUI8yeNMjNgFzfmRM=
8,-23,zLLE1Xr4lj0LD/Y9L/vHBQvsnWo=,j5vm86nMgeC4+dycoQfZlbUn71U=
7,-22,zLLE1Xr4lj0LD/Y9L/vHBQvsnWo=,l3oNZYn+gBJUI8yeNMjNgFzfmRM=
9,-23,zLLE1Xr4lj0LD/Y9L/vHBQvsnWo=,j5vm86nMgeC4+dycoQfZlbUn71U=
10,-23,zLLE1Xr4lj0LD/Y9L/vHBQvsnWo=,j5vm86nMgeC4+dycoQfZlbUn71U=
8,-22,zLLE1Xr4lj0LD/Y9L/vHBQvsnWo=,j5vm86nMgeC4+dycoQfZlbUn71U=
8,-21,zLLE1Xr4lj0LD/Y9L/vHBQvsnWo=,j5vm86nMgeC4+dycoQfZlbUn71U=
9,-22,zLLE1Xr4lj0LD/Y9L/vHBQvsnWo=,j5vm86nMgeC4+dycoQfZlbUn71U=
10,-22,zLLE1Xr4lj0LD/Y9L/vHBQvsnWo=,j5vm86nMgeC4+dycoQfZlbUn71U=
7,-20,zLLE1Xr4lj0LD/Y9L/vHBQvsnWo=,j5vm86nMgeC4+dycoQfZlbUn71U=
9,-21,zLLE1Xr4lj0LD/Y9L/vHBQvsnWo=,j5vm86nMgeC4+dycoQfZlbUn71U=
8,-20,zLLE1Xr4lj0LD/Y9L/vHBQvsnWo=,j5vm86nMgeC4+dycoQfZlbUn71U=
9,-20,zLLE1Xr4lj0LD/Y9L/vHBQvsnWo=,j5vm86nMgeC4+dycoQfZlbUn71U=
10,-20,zLLE1Xr4lj0LD/Y9L/vHBQvsnWo=,j5vm86nMgeC4+dycoQfZlbUn71U=
10,-21,zLLE1Xr4lj0LD/Y9L/vHBQvsnWo=,j5vm86nMgeC4+dycoQfZlbUn71U=
2,-2,zLLE1Xr4lj0LD/Y9L/vHBQvsnWo=,TM06f8AIZtWE105IQVPHZgRjdVQ=
2,-3,zLLE1Xr4lj0LD/Y9L/vHBQvsnWo=,pTTf01Ys4IfKSAsZcZC8tf6ScZk=
1,-3,zLLE1Xr4lj0LD/Y9L/vHBQvsnWo=,pTTf01Ys4IfKSAsZcZC8tf6ScZk=
1,-2,zLLE1Xr4lj0LD/Y9L/vHBQvsnWo=,TM06f8AIZtWE105IQVPHZgRjdVQ=
2,-4,zLLE1Xr4lj0LD/Y9L/vHBQvsnWo=,pTTf01Ys4IfKSAsZcZC8tf6ScZk=
1,-5,zLLE1Xr4lj0LD/Y9L/vHBQvsnWo=,pTTf01Ys4IfKSAsZcZC8tf6ScZk=
1,-4,zLLE1Xr4lj0LD/Y9L/vHBQvsnWo=,pTTf01Ys4IfKSAsZcZC8tf6ScZk=
2,-5,zLLE1Xr4lj0LD/Y9L/vHBQvsnWo=,pTTf01Ys4IfKSAsZcZC8tf6ScZk=
2,-6,zLLE1Xr4lj0LD/Y9L/vHBQvsnWo=,pTTf01Ys4IfKSAsZcZC8tf6ScZk=
1,-7,zLLE1Xr4lj0LD/Y9L/vHBQvsnWo=,pTTf01Ys4IfKSAsZcZC8tf6ScZk=
2,-7,zLLE1Xr4lj0LD/Y9L/vHBQvsnWo=,pTTf01Ys4IfKSAsZcZC8tf6ScZk=
1,-6,zLLE1Xr4lj0LD/Y9L/vHBQvsnWo=,pTTf01Ys4IfKSAsZcZC8tf6ScZk=
1,-8,zLLE1Xr4lj0LD/Y9L/vHBQvsnWo=,pTTf01Ys4IfKSAsZcZC8tf6ScZk=
1,-9,SMq2oci7EHh57+CJGTQ6fU0RDt0=,ibocklDXXNopG3ASjP+LT0IW1rw=
2,-9,SMq2oci7EHh57+CJGTQ6fU0RDt0=,l3oNZYn+gBJUI8yeNMjNgFzfmRM=
2,-8,SMq2oci7EHh57+CJGTQ6fU0RDt0=,pTTf01Ys4IfKSAsZcZC8tf6ScZk=
4,-8,SMq2oci7EHh57+CJGTQ6fU0RDt0=,meri9RiHgNJCpojEPS6OIYeUJ9I=
3,-8,SMq2oci7EHh57+CJGTQ6fU0RDt0=,pTTf01Ys4IfKSAsZcZC8tf6ScZk=
3,-9,SMq2oci7EHh57+CJGTQ6fU0RDt0=,l3oNZYn+gBJUI8yeNMjNgFzfmRM=
4,-9,SMq2oci7EHh57+CJGTQ6fU0RDt0=,TgFKMcdqdK/fRZExzfGq9HqBfqM=
4,-7,SMq2oci7EHh57+CJGTQ6fU0RDt0=,meri9RiHgNJCpojEPS6OIYeUJ9I=
4,-6,SMq2oci7EHh57+CJGTQ6fU0RDt0=,QRtJm4yV08M0VvRn5ail8loK6HQ=
4,-4,SMq2oci7EHh57+CJGTQ6fU0RDt0=,QRtJm4yV08M0VvRn5ail8loK6HQ=
3,-6,SMq2oci7EHh57+CJGTQ6fU0RDt0=,pTTf01Ys4IfKSAsZcZC8tf6ScZk=
3,-7,SMq2oci7EHh57+CJGTQ6fU0RDt0=,pTTf01Ys4IfKSAsZcZC8tf6ScZk=
3,-4,SMq2oci7EHh57+CJGTQ6fU0RDt0=,pTTf01Ys4IfKSAsZcZC8tf6ScZk=
4,-5,SMq2oci7EHh57+CJGTQ6fU0RDt0=,QRtJm4yV08M0VvRn5ail8loK6HQ=
3,-5,SMq2oci7EHh57+CJGTQ6fU0RDt0=,pTTf01Ys4IfKSAsZcZC8tf6ScZk=
6,-4,SMq2oci7EHh57+CJGTQ6fU0RDt0=,meri9RiHgNJCpojEPS6OIYeUJ9I=
6,-5,SMq2oci7EHh57+CJGTQ6fU0RDt0=,meri9RiHgNJCpojEPS6OIYeUJ9I=
5,-4,SMq2oci7EHh57+CJGTQ6fU0RDt0=,QRtJm4yV08M0VvRn5ail8loK6HQ=
5,-5,SMq2oci7EHh57+CJGTQ6fU0RDt0=,QRtJm4yV08M0VvRn5ail8loK6HQ=
6,-3,SMq2oci7EHh57+CJGTQ6fU0RDt0=,meri9RiHgNJCpojEPS6OIYeUJ9I=
8,-2,SMq2oci7EHh57+CJGTQ6fU0RDt0=,hxOH4G3sYdfej1aV9YWYyJNnWsI=
3,-3,SMq2oci7EHh57+CJGTQ6fU0RDt0=,pTTf01Ys4IfKSAsZcZC8tf6ScZk=
6,-2,SMq2oci7EHh57+CJGTQ6fU0RDt0=,meri9RiHgNJCpojEPS6OIYeUJ9I=
4,-2,SMq2oci7EHh57+CJGTQ6fU0RDt0=,QRtJm4yV08M0VvRn5ail8loK6HQ=
8,-3,SMq2oci7EHh57+CJGTQ6fU0RDt0=,meri9RiHgNJCpojEPS6OIYeUJ9I=
5,-3,SMq2oci7EHh57+CJGTQ6fU0RDt0=,QRtJm4yV08M0VvRn5ail8loK6HQ=
3,-2,SMq2oci7EHh57+CJGTQ6fU0RDt0=,TM06f8AIZtWE105IQVPHZgRjdVQ=
4,-3,SMq2oci7EHh57+CJGTQ6fU0RDt0=,QRtJm4yV08M0VvRn5ail8loK6HQ=
7,-2,SMq2oci7EHh57+CJGTQ6fU0RDt0=,meri9RiHgNJCpojEPS6OIYeUJ9I=
7,-3,SMq2oci7EHh57+CJGTQ6fU0RDt0=,meri9RiHgNJCpojEPS6OIYeUJ9I=
5,-2,SMq2oci7EHh57+CJGTQ6fU0RDt0=,QRtJm4yV08M0VvRn5ail8loK6HQ=
8,-4,SMq2oci7EHh57+CJGTQ6fU0RDt0=,meri9RiHgNJCpojEPS6OIYeUJ9I=
7,-4,SMq2oci7EHh57+CJGTQ6fU0RDt0=,meri9RiHgNJCpojEPS6OIYeUJ9I=
8,-5,SMq2oci7EHh57+CJGTQ6fU0RDt0=,hxOH4G3sYdfej1aV9YWYyJNnWsI=
7,-5,SMq2oci7EHh57+CJGTQ6fU0RDt0=,meri9RiHgNJCpojEPS6OIYeUJ9I=
9,-8,SMq2oci7EHh57+CJGTQ6fU0RDt0=,hxOH4G3sYdfej1aV9YWYyJNnWsI=
9,-9,SMq2oci7EHh57+CJGTQ6fU0RDt0=,TV+q8I3iV89ovHpcQdAnOvi1m70=
10,-8,SMq2oci7EHh57+CJGTQ6fU0RDt0=,hxOH4G3sYdfej1aV9YWYyJNnWsI=
10,-9,SMq2oci7EHh57+CJGTQ6fU0RDt0=,hxOH4G3sYdfej1aV9YWYyJNnWsI=
7,-6,SMq2oci7EHh57+CJGTQ6fU0RDt0=,meri9RiHgNJCpojEPS6OIYeUJ9I=
7,-7,SMq2oci7EHh57+CJGTQ6fU0RDt0=,meri9RiHgNJCpojEPS6OIYeUJ9I=
6,-6,SMq2oci7EHh57+CJGTQ6fU0RDt0=,meri9RiHgNJCpojEPS6OIYeUJ9I=
8,-8,SMq2oci7EHh57+CJGTQ6fU0RDt0=,hxOH4G3sYdfej1aV9YWYyJNnWsI=
5,-7,SMq2oci7EHh57+CJGTQ6fU0RDt0=,meri9RiHgNJCpojEPS6OIYeUJ9I=
8,-6,SMq2oci7EHh57+CJGTQ6fU0RDt0=,hxOH4G3sYdfej1aV9YWYyJNnWsI=
8,-7,SMq2oci7EHh57+CJGTQ6fU0RDt0=,hxOH4G3sYdfej1aV9YWYyJNnWsI=
7,-8,SMq2oci7EHh57+CJGTQ6fU0RDt0=,meri9RiHgNJCpojEPS6OIYeUJ9I=
6,-7,SMq2oci7EHh57+CJGTQ6fU0RDt0=,meri9RiHgNJCpojEPS6OIYeUJ9I=
5,-6,SMq2oci7EHh57+CJGTQ6fU0RDt0=,QRtJm4yV08M0VvRn5ail8loK6HQ=
7,-9,SMq2oci7EHh57+CJGTQ6fU0RDt0=,5zAs9/rn+NPzgMOZm9b40cti4MA=
5,-9,SMq2oci7EHh57+CJGTQ6fU0RDt0=,TgFKMcdqdK/fRZExzfGq9HqBfqM=
6,-8,SMq2oci7EHh57+CJGTQ6fU0RDt0=,meri9RiHgNJCpojEPS6OIYeUJ9I=
8,-9,SMq2oci7EHh57+CJGTQ6fU0RDt0=,TV+q8I3iV89ovHpcQdAnOvi1m70=
6,-9,SMq2oci7EHh57+CJGTQ6fU0RDt0=,5zAs9/rn+NPzgMOZm9b40cti4MA=
5,-8,SMq2oci7EHh57+CJGTQ6fU0RDt0=,meri9RiHgNJCpojEPS6OIYeUJ9I=
10,-10,SMq2oci7EHh57+CJGTQ6fU0RDt0=,hxOH4G3sYdfej1aV9YWYyJNnWsI=
10,-11,SMq2oci7EHh57+CJGTQ6fU0RDt0=,TV+q8I3iV89ovHpcQdAnOvi1m70=
9,-10,SMq2oci7EHh57+CJGTQ6fU0RDt0=,TV+q8I3iV89ovHpcQdAnOvi1m70=
9,-11,SMq2oci7EHh57+CJGTQ6fU0RDt0=,TV+q8I3iV89ovHpcQdAnOvi1m70=
8,-11,SMq2oci7EHh57+CJGTQ6fU0RDt0=,TV+q8I3iV89ovHpcQdAnOvi1m70=
8,-10,SMq2oci7EHh57+CJGTQ6fU0RDt0=,TV+q8I3iV89ovHpcQdAnOvi1m70=
7,-11,SMq2oci7EHh57+CJGTQ6fU0RDt0=,l3oNZYn+gBJUI8yeNMjNgFzfmRM=
7,-10,SMq2oci7EHh57+CJGTQ6fU0RDt0=,5zAs9/rn+NPzgMOZm9b40cti4MA=
7,-12,SMq2oci7EHh57+CJGTQ6fU0RDt0=,l3oNZYn+gBJUI8yeNMjNgFzfmRM=
8,-13,SMq2oci7EHh57+CJGTQ6fU0RDt0=,j5vm86nMgeC4+dycoQfZlbUn71U=
7,-13,SMq2oci7EHh57+CJGTQ6fU0RDt0=,j5vm86nMgeC4+dycoQfZlbUn71U=
8,-12,rAuvQgG09AjqytW08IWS8D6q3SQ=,TV+q8I3iV89ovHpcQdAnOvi1m70=
10,-12,rAuvQgG09AjqytW08IWS8D6q3SQ=,TV+q8I3iV89ovHpcQdAnOvi1m70=
10,-13,rAuvQgG09AjqytW08IWS8D6q3SQ=,e8oVtKo0qoAKpB/NlYszC+nx8Xo=
9,-12,rAuvQgG09AjqytW08IWS8D6q3SQ=,TV+q8I3iV89ovHpcQdAnOvi1m70=
9,-13,rAuvQgG09AjqytW08IWS8D6q3SQ=,j5vm86nMgeC4+dycoQfZlbUn71U=
11,-12,rAuvQgG09AjqytW08IWS8D6q3SQ=,TV+q8I3iV89ovHpcQdAnOvi1m70=
12,-12,rAuvQgG09AjqytW08IWS8D6q3SQ=,e8oVtKo0qoAKpB/NlYszC+nx8Xo=
12,-13,rAuvQgG09AjqytW08IWS8D6q3SQ=,e8oVtKo0qoAKpB/NlYszC+nx8Xo=
11,-13,rAuvQgG09AjqytW08IWS8D6q3SQ=,e8oVtKo0qoAKpB/NlYszC+nx8Xo=
11,-14,rAuvQgG09AjqytW08IWS8D6q3SQ=,e8oVtKo0qoAKpB/NlYszC+nx8Xo=
11,-15,rAuvQgG09AjqytW08IWS8D6q3SQ=,j5vm86nMgeC4+dycoQfZlbUn71U=
12,-15,rAuvQgG09AjqytW08IWS8D6q3SQ=,e8oVtKo0qoAKpB/NlYszC+nx8Xo=
12,-14,rAuvQgG09AjqytW08IWS8D6q3SQ=,e8oVtKo0qoAKpB/NlYszC+nx8Xo=
9,-15,rAuvQgG09AjqytW08IWS8D6q3SQ=,j5vm86nMgeC4+dycoQfZlbUn71U=
10,-15,rAuvQgG09AjqytW08IWS8D6q3SQ=,j5vm86nMgeC4+dycoQfZlbUn71U=
9,-14,rAuvQgG09AjqytW08IWS8D6q3SQ=,j5vm86nMgeC4+dycoQfZlbUn71U=
10,-14,rAuvQgG09AjqytW08IWS8D6q3SQ=,e8oVtKo0qoAKpB/NlYszC+nx8Xo=
13,-15,rAuvQgG09AjqytW08IWS8D6q3SQ=,e8oVtKo0qoAKpB/NlYszC+nx8Xo=
14,-15,rAuvQgG09AjqytW08IWS8D6q3SQ=,e8oVtKo0qoAKpB/NlYszC+nx8Xo=
13,-14,rAuvQgG09AjqytW08IWS8D6q3SQ=,e8oVtKo0qoAKpB/NlYszC+nx8Xo=
14,-14,rAuvQgG09AjqytW08IWS8D6q3SQ=,e8oVtKo0qoAKpB/NlYszC+nx8Xo=
8,-14,rAuvQgG09AjqytW08IWS8D6q3SQ=,j5vm86nMgeC4+dycoQfZlbUn71U=
8,-15,rAuvQgG09AjqytW08IWS8D6q3SQ=,j5vm86nMgeC4+dycoQfZlbUn71U=
7,-15,rAuvQgG09AjqytW08IWS8D6q3SQ=,j5vm86nMgeC4+dycoQfZlbUn71U=
7,-14,rAuvQgG09AjqytW08IWS8D6q3SQ=,j5vm86nMgeC4+dycoQfZlbUn71U=
5,-14,rAuvQgG09AjqytW08IWS8D6q3SQ=,l3oNZYn+gBJUI8yeNMjNgFzfmRM=
6,-14,rAuvQgG09AjqytW08IWS8D6q3SQ=,j5vm86nMgeC4+dycoQfZlbUn71U=
6,-15,rAuvQgG09AjqytW08IWS8D6q3SQ=,j5vm86nMgeC4+dycoQfZlbUn71U=
5,-15,rAuvQgG09AjqytW08IWS8D6q3SQ=,l3oNZYn+gBJUI8yeNMjNgFzfmRM=
6,-10,rAuvQgG09AjqytW08IWS8D6q3SQ=,5zAs9/rn+NPzgMOZm9b40cti4MA=
6,-12,rAuvQgG09AjqytW08IWS8D6q3SQ=,l3oNZYn+gBJUI8yeNMjNgFzfmRM=
4,-10,rAuvQgG09AjqytW08IWS8D6q3SQ=,TgFKMcdqdK/fRZExzfGq9HqBfqM=
6,-11,rAuvQgG09AjqytW08IWS8D6q3SQ=,l3oNZYn+gBJUI8yeNMjNgFzfmRM=
3,-10,rAuvQgG09AjqytW08IWS8D6q3SQ=,l3oNZYn+gBJUI8yeNMjNgFzfmRM=
5,-10,rAuvQgG09AjqytW08IWS8D6q3SQ=,TgFKMcdqdK/fRZExzfGq9HqBfqM=
3,-12,rAuvQgG09AjqytW08IWS8D6q3SQ=,l3oNZYn+gBJUI8yeNMjNgFzfmRM=
5,-11,rAuvQgG09AjqytW08IWS8D6q3SQ=,l3oNZYn+gBJUI8yeNMjNgFzfmRM=
3,-11,rAuvQgG09AjqytW08IWS8D6q3SQ=,l3oNZYn+gBJUI8yeNMjNgFzfmRM=
4,-11,rAuvQgG09AjqytW08IWS8D6q3SQ=,l3oNZYn+gBJUI8yeNMjNgFzfmRM=
3,-13,rAuvQgG09AjqytW08IWS8D6q3SQ=,l3oNZYn+gBJUI8yeNMjNgFzfmRM=
5,-12,rAuvQgG09AjqytW08IWS8D6q3SQ=,l3oNZYn+gBJUI8yeNMjNgFzfmRM=
4,-12,rAuvQgG09AjqytW08IWS8D6q3SQ=,l3oNZYn+gBJUI8yeNMjNgFzfmRM=
4,-13,rAuvQgG09AjqytW08IWS8D6q3SQ=,l3oNZYn+gBJUI8yeNMjNgFzfmRM=
6,-13,rAuvQgG09AjqytW08IWS8D6q3SQ=,j5vm86nMgeC4+dycoQfZlbUn71U=
5,-13,rAuvQgG09AjqytW08IWS8D6q3SQ=,l3oNZYn+gBJUI8yeNMjNgFzfmRM=
4,-14,rAuvQgG09AjqytW08IWS8D6q3SQ=,l3oNZYn+gBJUI8yeNMjNgFzfmRM=
3,-15,rAuvQgG09AjqytW08IWS8D6q3SQ=,l3oNZYn+gBJUI8yeNMjNgFzfmRM=
3,-14,rAuvQgG09AjqytW08IWS8D6q3SQ=,l3oNZYn+gBJUI8yeNMjNgFzfmRM=
4,-15,rAuvQgG09AjqytW08IWS8D6q3SQ=,l3oNZYn+gBJUI8yeNMjNgFzfmRM=
0,-8,rAuvQgG09AjqytW08IWS8D6q3SQ=,pTTf01Ys4IfKSAsZcZC8tf6ScZk=
0,-9,rAuvQgG09AjqytW08IWS8D6q3SQ=,ibocklDXXNopG3ASjP+LT0IW1rw=
0,-6,rAuvQgG09AjqytW08IWS8D6q3SQ=,pTTf01Ys4IfKSAsZcZC8tf6ScZk=
0,-7,rAuvQgG09AjqytW08IWS8D6q3SQ=,pTTf01Ys4IfKSAsZcZC8tf6ScZk=
0,-5,rAuvQgG09AjqytW08IWS8D6q3SQ=,pTTf01Ys4IfKSAsZcZC8tf6ScZk=
0,-4,rAuvQgG09AjqytW08IWS8D6q3SQ=,pTTf01Ys4IfKSAsZcZC8tf6ScZk=
0,-2,rAuvQgG09AjqytW08IWS8D6q3SQ=,TM06f8AIZtWE105IQVPHZgRjdVQ=
2,-15,rAuvQgG09AjqytW08IWS8D6q3SQ=,l3oNZYn+gBJUI8yeNMjNgFzfmRM=
2,-14,rAuvQgG09AjqytW08IWS8D6q3SQ=,l3oNZYn+gBJUI8yeNMjNgFzfmRM=
0,-3,rAuvQgG09AjqytW08IWS8D6q3SQ=,pTTf01Ys4IfKSAsZcZC8tf6ScZk=
4,-16,rAuvQgG09AjqytW08IWS8D6q3SQ=,l3oNZYn+gBJUI8yeNMjNgFzfmRM=
3,-16,rAuvQgG09AjqytW08IWS8D6q3SQ=,l3oNZYn+gBJUI8yeNMjNgFzfmRM=
1,-15,rAuvQgG09AjqytW08IWS8D6q3SQ=,l3oNZYn+gBJUI8yeNMjNgFzfmRM=
5,-16,rAuvQgG09AjqytW08IWS8D6q3SQ=,l3oNZYn+gBJUI8yeNMjNgFzfmRM=
1,-16,rAuvQgG09AjqytW08IWS8D6q3SQ=,l3oNZYn+gBJUI8yeNMjNgFzfmRM=
0,-15,rAuvQgG09AjqytW08IWS8D6q3SQ=,l3oNZYn+gBJUI8yeNMjNgFzfmRM=
1,-14,rAuvQgG09AjqytW08IWS8D6q3SQ=,l3oNZYn+gBJUI8yeNMjNgFzfmRM=
6,-16,rAuvQgG09AjqytW08IWS8D6q3SQ=,j5vm86nMgeC4+dycoQfZlbUn71U=
11,-16,rAuvQgG09AjqytW08IWS8D6q3SQ=,j5vm86nMgeC4+dycoQfZlbUn71U=
0,-14,rAuvQgG09AjqytW08IWS8D6q3SQ=,l3oNZYn+gBJUI8yeNMjNgFzfmRM=
2,-16,rAuvQgG09AjqytW08IWS8D6q3SQ=,l3oNZYn+gBJUI8yeNMjNgFzfmRM=
2,-12,rAuvQgG09AjqytW08IWS8D6q3SQ=,l3oNZYn+gBJUI8yeNMjNgFzfmRM=
2,-13,rAuvQgG09AjqytW08IWS8D6q3SQ=,l3oNZYn+gBJUI8yeNMjNgFzfmRM=
1,-13,rAuvQgG09AjqytW08IWS8D6q3SQ=,l3oNZYn+gBJUI8yeNMjNgFzfmRM=
0,-13,rAuvQgG09AjqytW08IWS8D6q3SQ=,l3oNZYn+gBJUI8yeNMjNgFzfmRM=
1,-11,rAuvQgG09AjqytW08IWS8D6q3SQ=,l3oNZYn+gBJUI8yeNMjNgFzfmRM=
14,-16,rAuvQgG09AjqytW08IWS8D6q3SQ=,e8oVtKo0qoAKpB/NlYszC+nx8Xo=
0,-11,rAuvQgG09AjqytW08IWS8D6q3SQ=,l3oNZYn+gBJUI8yeNMjNgFzfmRM=
1,-12,rAuvQgG09AjqytW08IWS8D6q3SQ=,l3oNZYn+gBJUI8yeNMjNgFzfmRM=
13,-13,rAuvQgG09AjqytW08IWS8D6q3SQ=,e8oVtKo0qoAKpB/NlYszC+nx8Xo=
2,-10,rAuvQgG09AjqytW08IWS8D6q3SQ=,l3oNZYn+gBJUI8yeNMjNgFzfmRM=
13,-16,rAuvQgG09AjqytW08IWS8D6q3SQ=,e8oVtKo0qoAKpB/NlYszC+nx8Xo=
0,-12,rAuvQgG09AjqytW08IWS8D6q3SQ=,l3oNZYn+gBJUI8yeNMjNgFzfmRM=
14,-13,rAuvQgG09AjqytW08IWS8D6q3SQ=,e8oVtKo0qoAKpB/NlYszC+nx8Xo=
13,-12,rAuvQgG09AjqytW08IWS8D6q3SQ=,e8oVtKo0qoAKpB/NlYszC+nx8Xo=
14,-12,rAuvQgG09AjqytW08IWS8D6q3SQ=,e8oVtKo0qoAKpB/NlYszC+nx8Xo=
1,-10,rAuvQgG09AjqytW08IWS8D6q3SQ=,ibocklDXXNopG3ASjP+LT0IW1rw=
2,-11,rAuvQgG09AjqytW08IWS8D6q3SQ=,l3oNZYn+gBJUI8yeNMjNgFzfmRM=
15,-16,rAuvQgG09AjqytW08IWS8D6q3SQ=,e8oVtKo0qoAKpB/NlYszC+nx8Xo=
0,-10,rAuvQgG09AjqytW08IWS8D6q3SQ=,ibocklDXXNopG3ASjP+LT0IW1rw=
15,-15,rAuvQgG09AjqytW08IWS8D6q3SQ=,e8oVtKo0qoAKpB/NlYszC+nx8Xo=
8,-16,rAuvQgG09AjqytW08IWS8D6q3SQ=,j5vm86nMgeC4+dycoQfZlbUn71U=
15,-14,rAuvQgG09AjqytW08IWS8D6q3SQ=,e8oVtKo0qoAKpB/NlYszC+nx8Xo=
9,-16,rAuvQgG09AjqytW08IWS8D6q3SQ=,j5vm86nMgeC4+dycoQfZlbUn71U=
12,-16,rAuvQgG09AjqytW08IWS8D6q3SQ=,e8oVtKo0qoAKpB/NlYszC+nx8Xo=
7,-16,rAuvQgG09AjqytW08IWS8D6q3SQ=,j5vm86nMgeC4+dycoQfZlbUn71U=
10,-16,rAuvQgG09AjqytW08IWS8D6q3SQ=,j5vm86nMgeC4+dycoQfZlbUn71U=
12,-11,rAuvQgG09AjqytW08IWS8D6q3SQ=,e8oVtKo0qoAKpB/NlYszC+nx8Xo=
14,-10,rAuvQgG09AjqytW08IWS8D6q3SQ=,hxOH4G3sYdfej1aV9YWYyJNnWsI=
13,-10,rAuvQgG09AjqytW08IWS8D6q3SQ=,hxOH4G3sYdfej1aV9YWYyJNnWsI=
11,-10,rAuvQgG09AjqytW08IWS8D6q3SQ=,hxOH4G3sYdfej1aV9YWYyJNnWsI=
14,-11,rAuvQgG09AjqytW08IWS8D6q3SQ=,e8oVtKo0qoAKpB/NlYszC+nx8Xo=
13,-11,rAuvQgG09AjqytW08IWS8D6q3SQ=,e8oVtKo0qoAKpB/NlYszC+nx8Xo=
11,-11,rAuvQgG09AjqytW08IWS8D6q3SQ=,TV+q8I3iV89ovHpcQdAnOvi1m70=
12,-10,rAuvQgG09AjqytW08IWS8D6q3SQ=,hxOH4G3sYdfej1aV9YWYyJNnWsI=
11,-8,rAuvQgG09AjqytW08IWS8D6q3SQ=,hxOH4G3sYdfej1aV9YWYyJNnWsI=
11,-9,rAuvQgG09AjqytW08IWS8D6q3SQ=,hxOH4G3sYdfej1aV9YWYyJNnWsI=
12,-9,rAuvQgG09AjqytW08IWS8D6q3SQ=,hxOH4G3sYdfej1aV9YWYyJNnWsI=
12,-8,rAuvQgG09AjqytW08IWS8D6q3SQ=,hxOH4G3sYdfej1aV9YWYyJNnWsI=
14,-9,rAuvQgG09AjqytW08IWS8D6q3SQ=,hxOH4G3sYdfej1aV9YWYyJNnWsI=
13,-8,rAuvQgG09AjqytW08IWS8D6q3SQ=,hxOH4G3sYdfej1aV9YWYyJNnWsI=
13,-9,rAuvQgG09AjqytW08IWS8D6q3SQ=,hxOH4G3sYdfej1aV9YWYyJNnWsI=
14,-8,rAuvQgG09AjqytW08IWS8D6q3SQ=,hxOH4G3sYdfej1aV9YWYyJNnWsI=
14,-6,Gg4AHYeaVqpPrzkQClay4BpSsO0=,VPgJx3otA1PVpoqN9JSCK2HJ2+U=
13,-6,Gg4AHYeaVqpPrzkQClay4BpSsO0=,hxOH4G3sYdfej1aV9YWYyJNnWsI=
13,-7,Gg4AHYeaVqpPrzkQClay4BpSsO0=,hxOH4G3sYdfej1aV9YWYyJNnWsI=
14,-7,Gg4AHYeaVqpPrzkQClay4BpSsO0=,hxOH4G3sYdfej1aV9YWYyJNnWsI=
10,-6,Gg4AHYeaVqpPrzkQClay4BpSsO0=,hxOH4G3sYdfej1aV9YWYyJNnWsI=
11,-2,Gg4AHYeaVqpPrzkQClay4BpSsO0=,hxOH4G3sYdfej1aV9YWYyJNnWsI=
9,-7,Gg4AHYeaVqpPrzkQClay4BpSsO0=,hxOH4G3sYdfej1aV9YWYyJNnWsI=
12,-3,Gg4AHYeaVqpPrzkQClay4BpSsO0=,hxOH4G3sYdfej1aV9YWYyJNnWsI=
12,-6,Gg4AHYeaVqpPrzkQClay4BpSsO0=,hxOH4G3sYdfej1aV9YWYyJNnWsI=
11,-5,Gg4AHYeaVqpPrzkQClay4BpSsO0=,hxOH4G3sYdfej1aV9YWYyJNnWsI=
10,-3,Gg4AHYeaVqpPrzkQClay4BpSsO0=,hxOH4G3sYdfej1aV9YWYyJNnWsI=
11,-7,Gg4AHYeaVqpPrzkQClay4BpSsO0=,hxOH4G3sYdfej1aV9YWYyJNnWsI=
12,-4,Gg4AHYeaVqpPrzkQClay4BpSsO0=,hxOH4G3sYdfej1aV9YWYyJNnWsI=
12,-7,Gg4AHYeaVqpPrzkQClay4BpSsO0=,hxOH4G3sYdfej1aV9YWYyJNnWsI=
10,-7,Gg4AHYeaVqpPrzkQClay4BpSsO0=,hxOH4G3sYdfej1aV9YWYyJNnWsI=
9,-6,Gg4AHYeaVqpPrzkQClay4BpSsO0=,hxOH4G3sYdfej1aV9YWYyJNnWsI=
9,-2,Gg4AHYeaVqpPrzkQClay4BpSsO0=,hxOH4G3sYdfej1aV9YWYyJNnWsI=
11,-6,Gg4AHYeaVqpPrzkQClay4BpSsO0=,hxOH4G3sYdfej1aV9YWYyJNnWsI=
12,-5,Gg4AHYeaVqpPrzkQClay4BpSsO0=,hxOH4G3sYdfej1aV9YWYyJNnWsI=
11,-4,Gg4AHYeaVqpPrzkQClay4BpSsO0=,hxOH4G3sYdfej1aV9YWYyJNnWsI=
10,-2,Gg4AHYeaVqpPrzkQClay4BpSsO0=,hxOH4G3sYdfej1aV9YWYyJNnWsI=
9,-5,Gg4AHYeaVqpPrzkQClay4BpSsO0=,hxOH4G3sYdfej1aV9YWYyJNnWsI=
12,-2,Gg4AHYeaVqpPrzkQClay4BpSsO0=,TV+q8I3iV89ovHpcQdAnOvi1m70=
10,-4,Gg4AHYeaVqpPrzkQClay4BpSsO0=,hxOH4G3sYdfej1aV9YWYyJNnWsI=
9,-3,Gg4AHYeaVqpPrzkQClay4BpSsO0=,meri9RiHgNJCpojEPS6OIYeUJ9I=
10,-5,Gg4AHYeaVqpPrzkQClay4BpSsO0=,hxOH4G3sYdfej1aV9YWYyJNnWsI=
11,-3,Gg4AHYeaVqpPrzkQClay4BpSsO0=,hxOH4G3sYdfej1aV9YWYyJNnWsI=
9,-4,Gg4AHYeaVqpPrzkQClay4BpSsO0=,meri9RiHgNJCpojEPS6OIYeUJ9I=
15,-9,Gg4AHYeaVqpPrzkQClay4BpSsO0=,hxOH4G3sYdfej1aV9YWYyJNnWsI=
15,-13,Gg4AHYeaVqpPrzkQClay4BpSsO0=,e8oVtKo0qoAKpB/NlYszC+nx8Xo=
15,-10,Gg4AHYeaVqpPrzkQClay4BpSsO0=,hxOH4G3sYdfej1aV9YWYyJNnWsI=
15,-6,Gg4AHYeaVqpPrzkQClay4BpSsO0=,VPgJx3otA1PVpoqN9JSCK2HJ2+U=
15,-11,Gg4AHYeaVqpPrzkQClay4BpSsO0=,e8oVtKo0qoAKpB/NlYszC+nx8Xo=
15,-12,Gg4AHYeaVqpPrzkQClay4BpSsO0=,e8oVtKo0qoAKpB/NlYszC+nx8Xo=
12,-1,Gg4AHYeaVqpPrzkQClay4BpSsO0=,TV+q8I3iV89ovHpcQdAnOvi1m70=
11,-1,Gg4AHYeaVqpPrzkQClay4BpSsO0=,hxOH4G3sYdfej1aV9YWYyJNnWsI=
9,-1,Gg4AHYeaVqpPrzkQClay4BpSsO0=,hxOH4G3sYdfej1aV9YWYyJNnWsI=
10,-1,Gg4AHYeaVqpPrzkQClay4BpSsO0=,hxOH4G3sYdfej1aV9YWYyJNnWsI=
15,-7,Gg4AHYeaVqpPrzkQClay4BpSsO0=,hxOH4G3sYdfej1aV9YWYyJNnWsI=
15,-8,Gg4AHYeaVqpPrzkQClay4BpSsO0=,hxOH4G3sYdfej1aV9YWYyJNnWsI=
8,-1,Gg4AHYeaVqpPrzkQClay4BpSsO0=,hxOH4G3sYdfej1aV9YWYyJNnWsI=
6,-1,Gg4AHYeaVqpPrzkQClay4BpSsO0=,meri9RiHgNJCpojEPS6OIYeUJ9I=
7,-1,Gg4AHYeaVqpPrzkQClay4BpSsO0=,meri9RiHgNJCpojEPS6OIYeUJ9I=
2,-1,Gg4AHYeaVqpPrzkQClay4BpSsO0=,TM06f8AIZtWE105IQVPHZgRjdVQ=
4,-1,Gg4AHYeaVqpPrzkQClay4BpSsO0=,QRtJm4yV08M0VvRn5ail8loK6HQ=
1,-1,Gg4AHYeaVqpPrzkQClay4BpSsO0=,TM06f8AIZtWE105IQVPHZgRjdVQ=
5,-1,Gg4AHYeaVqpPrzkQClay4BpSsO0=,QRtJm4yV08M0VvRn5ail8loK6HQ=
0,-16,Gg4AHYeaVqpPrzkQClay4BpSsO0=,l3oNZYn+gBJUI8yeNMjNgFzfmRM=
0,-1,Gg4AHYeaVqpPrzkQClay4BpSsO0=,TM06f8AIZtWE105IQVPHZgRjdVQ=
3,-1,Gg4AHYeaVqpPrzkQClay4BpSsO0=,TM06f8AIZtWE105IQVPHZgRjdVQ=
14,-2,Gg4AHYeaVqpPrzkQClay4BpSsO0=,VPgJx3otA1PVpoqN9JSCK2HJ2+U=
13,-1,Gg4AHYeaVqpPrzkQClay4BpSsO0=,TV+q8I3iV89ovHpcQdAnOvi1m70=
13,-2,Gg4AHYeaVqpPrzkQClay4BpSsO0=,TV+q8I3iV89ovHpcQdAnOvi1m70=
13,-3,Gg4AHYeaVqpPrzkQClay4BpSsO0=,hxOH4G3sYdfej1aV9YWYyJNnWsI=
14,-3,Gg4AHYeaVqpPrzkQClay4BpSsO0=,VPgJx3otA1PVpoqN9JSCK2HJ2+U=
14,-1,Gg4AHYeaVqpPrzkQClay4BpSsO0=,VPgJx3otA1PVpoqN9JSCK2HJ2+U=
13,-4,Gg4AHYeaVqpPrzkQClay4BpSsO0=,hxOH4G3sYdfej1aV9YWYyJNnWsI=
15,-1,Gg4AHYeaVqpPrzkQClay4BpSsO0=,VPgJx3otA1PVpoqN9JSCK2HJ2+U=
15,-2,Gg4AHYeaVqpPrzkQClay4BpSsO0=,VPgJx3otA1PVpoqN9JSCK2HJ2+U=
14,-4,Gg4AHYeaVqpPrzkQClay4BpSsO0=,VPgJx3otA1PVpoqN9JSCK2HJ2+U=
13,-5,Gg4AHYeaVqpPrzkQClay4BpSsO0=,hxOH4G3sYdfej1aV9YWYyJNnWsI=
15,-3,Gg4AHYeaVqpPrzkQClay4BpSsO0=,VPgJx3otA1PVpoqN9JSCK2HJ2+U=
14,-5,Gg4AHYeaVqpPrzkQClay4BpSsO0=,VPgJx3otA1PVpoqN9JSCK2HJ2+U=
15,-4,Gg4AHYeaVqpPrzkQClay4BpSsO0=,VPgJx3otA1PVpoqN9JSCK2HJ2+U=
15,-5,Gg4AHYeaVqpPrzkQClay4BpSsO0=,VPgJx3otA1PVpoqN9JSCK2HJ2+U=
